text,score,subreddit,domain_tag,source_permalink,aspect_term,polarity
"Lenovo for me personally.
Maybe one of these

https://www.lenovo.com/nl/nl/p/laptops/legion-laptops/legion-5-series/lenovo-legion-5-gen-10-15-inch-amd/len101g0045",27,GamingLaptops,tech,https://www.reddit.com/r/GamingLaptops/comments/1vo5wga/laptop_recommendation_out_of_these_brands/,,
"I have a legion 5
, like this, but with the Intel chipset. Great laptop.

If you value battery life, get the AMD one though.",7,GamingLaptops,tech,https://www.reddit.com/r/GamingLaptops/comments/1vo5wga/laptop_recommendation_out_of_these_brands/,,
Would definitely consider Lenovo's gaming laptops.,25,GamingLaptops,tech,https://www.reddit.com/r/GamingLaptops/comments/1vo5wga/laptop_recommendation_out_of_these_brands/,,
"As an HP user, please dont get an hp",19,GamingLaptops,tech,https://www.reddit.com/r/GamingLaptops/comments/1vo5wga/laptop_recommendation_out_of_these_brands/,,
Not even a zbook?,1,GamingLaptops,tech,https://www.reddit.com/r/GamingLaptops/comments/1vo5wga/laptop_recommendation_out_of_these_brands/,,
No,2,GamingLaptops,tech,https://www.reddit.com/r/GamingLaptops/comments/1vo5wga/laptop_recommendation_out_of_these_brands/,,
"I've had loads of issues with HP, most of them right out of the box. Replaced it with a Lenovo Legion
 and that's been great.",18,GamingLaptops,tech,https://www.reddit.com/r/GamingLaptops/comments/1vo5wga/laptop_recommendation_out_of_these_brands/,,
I use Acer,15,GamingLaptops,tech,https://www.reddit.com/r/GamingLaptops/comments/1vo5wga/laptop_recommendation_out_of_these_brands/,,
Me too,2,GamingLaptops,tech,https://www.reddit.com/r/GamingLaptops/comments/1vo5wga/laptop_recommendation_out_of_these_brands/,,
Mine has been a powerhouse for 5 years.,2,GamingLaptops,tech,https://www.reddit.com/r/GamingLaptops/comments/1vo5wga/laptop_recommendation_out_of_these_brands/,,
Lenovo just keep working out for me,8,GamingLaptops,tech,https://www.reddit.com/r/GamingLaptops/comments/1vo5wga/laptop_recommendation_out_of_these_brands/,,
"Go Lenovo, Asus can be very hit or miss",4,GamingLaptops,tech,https://www.reddit.com/r/GamingLaptops/comments/1vo5wga/laptop_recommendation_out_of_these_brands/,,
"As a Legion Owner, I recommend Lenovo",4,GamingLaptops,tech,https://www.reddit.com/r/GamingLaptops/comments/1vo5wga/laptop_recommendation_out_of_these_brands/,,
"Bought a used Medion Erazer a few months ago and I'm happy. Uses the same To dang Bare one as a one of the Schenker/XMG series notebooks.

Take that as a recommendation or not, I'm not your dad. 😄",2,GamingLaptops,tech,https://www.reddit.com/r/GamingLaptops/comments/1vo5wga/laptop_recommendation_out_of_these_brands/,,
"I own an erazer deputy p60, and honestly am so happy with my purchase, plus I went from a ps4 and a laptop that barely survived to something that I could run almost anything on",2,GamingLaptops,tech,https://www.reddit.com/r/GamingLaptops/comments/1vo5wga/laptop_recommendation_out_of_these_brands/,,
"Well i have asus, and no problems with it",3,GamingLaptops,tech,https://www.reddit.com/r/GamingLaptops/comments/1vo5wga/laptop_recommendation_out_of_these_brands/,,
"I work in a local computer store as a repairman. I personally wouldn't recommend buying a gaming laptop.

If you have the space, and if your study doesn't require strong graphical performance, you should instead buy a 300/400 euro refurbished laptop from HP or Dell and a 1400 euro gaming pc. 200 for the screen, keyboard and mouse.

Gaming laptops suck imo. When they break the repair costs are through the roof and most of the time you can't even find a part. Also they're heavy, have poor upgradeability at best and poor performance. Your back will thank you when you choose a much lighter and more manageable 14 or 15.6 inch.

A gaming pc will last longer in general and be much better suited for heavy tasks such as video editing or games. They're more future-proof, are more easily upgradable and have more space for storage. Since you plan to edit videos and play games, 512 gigabytes will not be enough, and you will need to expand storage in the future. Good luck trying to fit that into a laptop.

Maybe it'll be a bit above your budget at the start, but a PC will be a much better investment in the long run.",2,GamingLaptops,tech,https://www.reddit.com/r/GamingLaptops/comments/1vo5wga/laptop_recommendation_out_of_these_brands/,,
"Depends honestly on the brand, at 2k Euros, i'd say you get a Lenovo Legion, or an Asus Strix/ maybe an older Zephyrus , maybe even a more specced out Acer predator since those are usually cheaper. Good luck!",1,GamingLaptops,tech,https://www.reddit.com/r/GamingLaptops/comments/1vo5wga/laptop_recommendation_out_of_these_brands/,,
"I had a Lenovo legion 7 for 4 years, it worked perfectly until the motherboard died (apparently, a know issue for the 2021 model). I don't know if the current Lenovo legion laptops fixed the motherboard issue, but for now I'm staying clear from lenovo.

I'm going to buy the Asus ROG STRIX SCAR 16, heard a lot of good feedback on it (and I hope that it won't die after 4 years haha)",1,GamingLaptops,tech,https://www.reddit.com/r/GamingLaptops/comments/1vo5wga/laptop_recommendation_out_of_these_brands/,,
Lenovo 👍,1,GamingLaptops,tech,https://www.reddit.com/r/GamingLaptops/comments/1vo5wga/laptop_recommendation_out_of_these_brands/,,
"I bought legion 7i. Happy with it. My 2nd choice is scar stix 16. Other than that, I might go as well with apple lol",1,GamingLaptops,tech,https://www.reddit.com/r/GamingLaptops/comments/1vo5wga/laptop_recommendation_out_of_these_brands/,,
Lenovo and Asus,1,GamingLaptops,tech,https://www.reddit.com/r/GamingLaptops/comments/1vo5wga/laptop_recommendation_out_of_these_brands/,,
Lenovo,1,GamingLaptops,tech,https://www.reddit.com/r/GamingLaptops/comments/1vo5wga/laptop_recommendation_out_of_these_brands/,,
Go with Asus or lenovo,1,GamingLaptops,tech,https://www.reddit.com/r/GamingLaptops/comments/1vo5wga/laptop_recommendation_out_of_these_brands/,,
"Go with lenovo or acer

Lenovo for way better build quality. Acer for better value for money in hardware Acer compromises on build quality sometimes Speakers and webcam and mic

Stil acer hardware is solid. My nitro 5 from 2019 hasn't given me any hardware issues and its 7 years old now. But the cheap plastic is falling apart few cracks here and there.

But if u want a laptop that lasts a long time justvget lenovo. Top notch build en overall better so can be worth paying more for a legion over a acer predator",1,GamingLaptops,tech,https://www.reddit.com/r/GamingLaptops/comments/1vo5wga/laptop_recommendation_out_of_these_brands/,,
"Get the ASUS TUF A16 but only the 2025 model, any model before is absolute trash,

2025 Tuf A16 has the same cooling system as older ROG models, build quality is very good as they resolved last year's hinge problems which are persistent with Victus and Omen laptops, and it's the only budget laptop lineup with fully unlocked graphics card wattage, I have one since january 2026 and so far it runs perfect with no problem",1,GamingLaptops,tech,https://www.reddit.com/r/GamingLaptops/comments/1vo5wga/laptop_recommendation_out_of_these_brands/,,
Look at specs not brand.,1,GamingLaptops,tech,https://www.reddit.com/r/GamingLaptops/comments/1vo5wga/laptop_recommendation_out_of_these_brands/,,
"Go with HP.

Asus, Lenovo and Acer are like :",1,GamingLaptops,tech,https://www.reddit.com/r/GamingLaptops/comments/1vo5wga/laptop_recommendation_out_of_these_brands/,,
As an (almost lifetime) HP user I recommend everything but HP.,1,GamingLaptops,tech,https://www.reddit.com/r/GamingLaptops/comments/1vo5wga/laptop_recommendation_out_of_these_brands/,,
I've loved my Lenovo laptops.,1,GamingLaptops,tech,https://www.reddit.com/r/GamingLaptops/comments/1vo5wga/laptop_recommendation_out_of_these_brands/,,
"My lenovo laptop motherboard died the other day. Had it maybe 5 years. Apparently a common issue, don't know if it's fixed for new ones, but don't get second hand older models for sure

However, in terms of maintenance it was by far the easiest laptop I've ever dealt with. 12 screws to open the back, upgraded ssd, upgraded ram, had to replace screen, give it a good clean on the inside every 6 months.

Avoid gaming laptops with soldered ram, and see how to open them before you buy. Fans have to be more powerful for gaming laptops to work happily so they suck in more dust.",1,GamingLaptops,tech,https://www.reddit.com/r/GamingLaptops/comments/1vo5wga/laptop_recommendation_out_of_these_brands/,,
I'd recommend lenovo. Pretty much everything apart from an msi will be good,1,GamingLaptops,tech,https://www.reddit.com/r/GamingLaptops/comments/1vo5wga/laptop_recommendation_out_of_these_brands/,,
I got an add for a $1800.00 rtx5080 in here… people are fucking insane.,1,GamingLaptops,tech,https://www.reddit.com/r/GamingLaptops/comments/1vo5wga/laptop_recommendation_out_of_these_brands/,,
I luv my acer,1,GamingLaptops,tech,https://www.reddit.com/r/GamingLaptops/comments/1vo5wga/laptop_recommendation_out_of_these_brands/,,
"I have an Acer Predator Helois 300 with the 11th gen i7 11800h 32 Gb ddr4 ram, which I upgraded from stock 16gb. I swapped the 512gb ssd for 3 ssd, totaling 6 Terebytes of space. It runs excellently, no issues. Fans are loud, but to be expected. Srays very cool during gaming for long periods. Only negative is the power charger block really gets super hot. Any suggestions on heat dispensation?",1,GamingLaptops,tech,https://www.reddit.com/r/GamingLaptops/comments/1vo5wga/laptop_recommendation_out_of_these_brands/,,
Lenovo LEGION 5i pro or 7i pro,1,GamingLaptops,tech,https://www.reddit.com/r/GamingLaptops/comments/1vo5wga/laptop_recommendation_out_of_these_brands/,,
"As a Lenovo user, Lenovo.",1,GamingLaptops,tech,https://www.reddit.com/r/GamingLaptops/comments/1vo5wga/laptop_recommendation_out_of_these_brands/,,
"I don’t know why some people are against asus , but I can only speak well of the ROG STRIX SCAR 16. I think it’s an amazing machine . A little bit on the Pricy side, sure, but great!",1,GamingLaptops,tech,https://www.reddit.com/r/GamingLaptops/comments/1vo5wga/laptop_recommendation_out_of_these_brands/,,
Lenovo or Acer in that order,1,GamingLaptops,tech,https://www.reddit.com/r/GamingLaptops/comments/1vo5wga/laptop_recommendation_out_of_these_brands/,,
"Depends on your price point,

Asus is good for high end machines, lenovo for mid range and hp for the extreme budget

But depends on which type of laptop you want amd your work

(From my personal experience,

hp is shit [bad build quality and hinge]

asus is doing me good for now with no issues,

Lenovo also good for its age [it was a windows 7 lenovo] )",1,GamingLaptops,tech,https://www.reddit.com/r/GamingLaptops/comments/1vo5wga/laptop_recommendation_out_of_these_brands/,,
"Asus or Lenovo. Asus has better cooling and quieter usually, but poor chassis quality as for top-level laptop (mine has one bolt on corner missing). Lenovo has much better chassis quality, but is louder usually, and last generation of Lenovo with Intel easily hits 105-110°C on CPU, so you should aware. Also, if you like bigger laptops, Lenovo is out of your budget",1,GamingLaptops,tech,https://www.reddit.com/r/GamingLaptops/comments/1vo5wga/laptop_recommendation_out_of_these_brands/,,
"Lenovo, got a legion 1.5 years ago and it's been great so far. Like others said, every gaming laptop brand has it's problems but lenovo seems to be the best pick.

With 2k€ you should be able to get yourself a nice Legion 5 or 7 with a 5070, good cpu and 16 gb ram.",1,GamingLaptops,tech,https://www.reddit.com/r/GamingLaptops/comments/1vo5wga/laptop_recommendation_out_of_these_brands/,,
Dell and never look back :),1,GamingLaptops,tech,https://www.reddit.com/r/GamingLaptops/comments/1vo5wga/laptop_recommendation_out_of_these_brands/,,
"After many years of buying laptops. Lenovo.less bloat, better everything.",1,GamingLaptops,tech,https://www.reddit.com/r/GamingLaptops/comments/1vo5wga/laptop_recommendation_out_of_these_brands/,,
"Untill now I have tried the following brands: Lenovo Asus Acer They were all gaming laptops, however I cannot recommend one more than the other because after all it depends on the model rather than on the brand, each brand sells, cheap models, mid range models and top tier models so it depends on your budget, however for the long term company support I found Acer to be the worst",1,GamingLaptops,tech,https://www.reddit.com/r/GamingLaptops/comments/1vo5wga/laptop_recommendation_out_of_these_brands/,,
Dell.,1,GamingLaptops,tech,https://www.reddit.com/r/GamingLaptops/comments/1vo5wga/laptop_recommendation_out_of_these_brands/,,
Don't get a fucking HP,1,GamingLaptops,tech,https://www.reddit.com/r/GamingLaptops/comments/1vo5wga/laptop_recommendation_out_of_these_brands/,,
I have an Acer Predator 5070ti and its absolutely awesome!,1,GamingLaptops,tech,https://www.reddit.com/r/GamingLaptops/comments/1vo5wga/laptop_recommendation_out_of_these_brands/,,
Hyper X makes laptops?,1,GamingLaptops,tech,https://www.reddit.com/r/GamingLaptops/comments/1vo5wga/laptop_recommendation_out_of_these_brands/,,
I currently have the lenovo loq 15 with an rtx 5070 and i7 13650hx. And its not to bad. It can only survive like 2h on the battery but otherwise its an pretty decent laptop for 1080p gaming.,1,GamingLaptops,tech,https://www.reddit.com/r/GamingLaptops/comments/1vo5wga/laptop_recommendation_out_of_these_brands/,,
"As an asus user, I recommend HP",1,GamingLaptops,tech,https://www.reddit.com/r/GamingLaptops/comments/1vo5wga/laptop_recommendation_out_of_these_brands/,,
"Lenovo! I have an IdeaPad Gaming 3, which has 16GB of RAM, but also a pretty meh graphics card & VRAM for newer games (3050 6gb), my budget was a little less though so I'm sure you can find something better lol.
Maybe look into their Legion series :)",1,GamingLaptops,tech,https://www.reddit.com/r/GamingLaptops/comments/1vo5wga/laptop_recommendation_out_of_these_brands/,,
"Mah, i like my acer, go for lenovo",1,GamingLaptops,tech,https://www.reddit.com/r/GamingLaptops/comments/1vo5wga/laptop_recommendation_out_of_these_brands/,,
"2000 what? Bananas? Apples? Euro?

Btw, don't choose only based on price and hard specs. Also look at port placement, keyboard layout, screen surface, USB-C charging, etc. These things, if wrong for you, will bother you much more then a lower tier GPU or CPU.",1,GamingLaptops,tech,https://www.reddit.com/r/GamingLaptops/comments/1vo5wga/laptop_recommendation_out_of_these_brands/,,
Just came by to say Don’t go for MSI not on the list but Don’t,1,GamingLaptops,tech,https://www.reddit.com/r/GamingLaptops/comments/1vo5wga/laptop_recommendation_out_of_these_brands/,,
Asus Zephyrus is good,1,GamingLaptops,tech,https://www.reddit.com/r/GamingLaptops/comments/1vo5wga/laptop_recommendation_out_of_these_brands/,,
"Acer pretty good, its not top of the line, but it is a workhorse that will survive anything, but if you have money, lenovo",1,GamingLaptops,tech,https://www.reddit.com/r/GamingLaptops/comments/1vo5wga/laptop_recommendation_out_of_these_brands/,,
Asus or HP,1,GamingLaptops,tech,https://www.reddit.com/r/GamingLaptops/comments/1vo5wga/laptop_recommendation_out_of_these_brands/,,
As an old Dell Alienware user and now Asus user I’d recommend Lenovo 🫩🤣,1,GamingLaptops,tech,https://www.reddit.com/r/GamingLaptops/comments/1vo5wga/laptop_recommendation_out_of_these_brands/,,
Its really hard to beat a lenovo legion for the price,1,GamingLaptops,tech,https://www.reddit.com/r/GamingLaptops/comments/1vo5wga/laptop_recommendation_out_of_these_brands/,,
As an ASUS user i recommend ASUS all day any day,1,GamingLaptops,tech,https://www.reddit.com/r/GamingLaptops/comments/1vo5wga/laptop_recommendation_out_of_these_brands/,,
"as a Legion and ROG and Acer user, I recommend Legion > ROG > Acer...",1,GamingLaptops,tech,https://www.reddit.com/r/GamingLaptops/comments/1vo5wga/laptop_recommendation_out_of_these_brands/,,
"As a lenovo ,asus , HP user ,I highly recommend MSI .",1,GamingLaptops,tech,https://www.reddit.com/r/GamingLaptops/comments/1vo5wga/laptop_recommendation_out_of_these_brands/,,
"Ah yes, Erazer",1,GamingLaptops,tech,https://www.reddit.com/r/GamingLaptops/comments/1vo5wga/laptop_recommendation_out_of_these_brands/,,
Il n'y a pas sur la marque qu'il faut regarder mais aussi la gamme. Après j'ai envie de dire dans la marque c'est le SAV qui coûte cher. Une marque qui a un bon SAV n'a aucun intérêt à faire des portables foireux,1,GamingLaptops,tech,https://www.reddit.com/r/GamingLaptops/comments/1vo5wga/laptop_recommendation_out_of_these_brands/,,
"I would vouch for asus or lenovo. I think they’re both on the same level and quality.

I am very satisfied with my rog ally and asus scar 4090.

I hear people talking shit about asus but their service and warranty is superb in Europe. I dropped my ally once, it broke and they fixed it for free lol.",1,GamingLaptops,tech,https://www.reddit.com/r/GamingLaptops/comments/1vo5wga/laptop_recommendation_out_of_these_brands/,,
Eraser,1,GamingLaptops,tech,https://www.reddit.com/r/GamingLaptops/comments/1vo5wga/laptop_recommendation_out_of_these_brands/,,
"take indian reviews with a grain of salt, somehow they get all the problems with laptops",1,GamingLaptops,tech,https://www.reddit.com/r/GamingLaptops/comments/1vo5wga/laptop_recommendation_out_of_these_brands/,,
That's because most customer service call centers are in India.,1,GamingLaptops,tech,https://www.reddit.com/r/GamingLaptops/comments/1vo5wga/laptop_recommendation_out_of_these_brands/,,
Lenovo Legion,1,GamingLaptops,tech,https://www.reddit.com/r/GamingLaptops/comments/1vo5wga/laptop_recommendation_out_of_these_brands/,,
asus or lenovo,1,GamingLaptops,tech,https://www.reddit.com/r/GamingLaptops/comments/1vo5wga/laptop_recommendation_out_of_these_brands/,,
"Asus, MSI and lenovo",1,GamingLaptops,tech,https://www.reddit.com/r/GamingLaptops/comments/1vo5wga/laptop_recommendation_out_of_these_brands/,,
Erazer sucks. Stick with lenovo or dell.,1,GamingLaptops,tech,https://www.reddit.com/r/GamingLaptops/comments/1vo5wga/laptop_recommendation_out_of_these_brands/,,
As an Asus user I recommend Asus,1,GamingLaptops,tech,https://www.reddit.com/r/GamingLaptops/comments/1vo5wga/laptop_recommendation_out_of_these_brands/,,
Asus tuf gaming. Ive got a A16 with a rtx5070 and 24 gigs of ram and.it runs anything i tried at max grapchics 60fps+,1,GamingLaptops,tech,https://www.reddit.com/r/GamingLaptops/comments/1vo5wga/laptop_recommendation_out_of_these_brands/,,
"I have the legion, I would recommend! I use it for both school and gaming and it works seamlessly",1,GamingLaptops,tech,https://www.reddit.com/r/GamingLaptops/comments/1vo5wga/laptop_recommendation_out_of_these_brands/,,
I like Lenovo,1,GamingLaptops,tech,https://www.reddit.com/r/GamingLaptops/comments/1vo5wga/laptop_recommendation_out_of_these_brands/,,
"As a msi user, I'd recommend lenovo 👍",1,GamingLaptops,tech,https://www.reddit.com/r/GamingLaptops/comments/1vo5wga/laptop_recommendation_out_of_these_brands/,,
"As an Asus user, I recommend Asus.",1,GamingLaptops,tech,https://www.reddit.com/r/GamingLaptops/comments/1vo5wga/laptop_recommendation_out_of_these_brands/,,
"Depends on what you're looking for.

If you want insane portability but something that can still game, then Asus is your best choice with the Z13 flow. And honestly the Zephyrus is your best choice if you want something a little less thin but more performance, so honestly if you're going for portability definitely Asus.

Now if you want something with real power and great cooling I'd personally recommend Lenovo. As a Legion user myself, I have the pro 7i and so far it's really worth the money. Build quality is awesome, the Oled screen is fantastic, and temps are honestly good. Yeah it can get toasty sometimes but packing a 140W Gpu and 190W CPU in a laptop chassis will do that. (Get the 9i if you don't mind it being 18 inch as the best cooling does infact come with 18 inch laptops. Only reason I'm not gonna talk about 18 inch is cause personally I don't know a lot about them as they're very niche.)

However if you don't wanna pay a premium price for a Pro 7i you can always go for a Pro 5i as that model does in fact have the 5070 ti. (Dell does have great quality but the Alienware series is very, very expensive)

Now if you don't want a premium laptop and want something that can game for an affordable price, I'd recommend either the Tuf series or the Loq series.

I had a Tuf myself a couple years back and honestly I loved it. Build quality was great, performance was great, and it was a great all rounder laptop for the price. I recommend the Loq as well because I've actually seen some IRL, and for a budget laptop they really do look good. Build quality is great, and like the tuf series, they usually have advanced optimus and G-sync which is great. (Plus they're usually the cheapest out of budget laptops alongside HPs Victus)

Finally if you don't wanna pay premium or go as low as budget I'd tell you to consider Acer. Honestly, myself I've never actually used or seen an Acer gaming laptop, so I won't recommend it, as I know nothing about it, however reviews say that it is infact a well built gaming laptop, and for the price I usually see them on, they're actually a steal hardware wise. You can get a 5070ti with 32gb of ram and an Oled screen for 1500$. That is a fantastic price and honestly I've never seen a better deal during the 50 series. However as I said, I'm not actually convinced of Acer and I'm simply telling you about it as an option if you want to think about it. Just so that you know it's there, and that on paper you're getting a fantastic price to performance.

I'd recommend watching reviews about everything and see what feels right for you. Good luck and enjoy your laptop!",1,GamingLaptops,tech,https://www.reddit.com/r/GamingLaptops/comments/1vo5wga/laptop_recommendation_out_of_these_brands/,,
"Don’t be fooled by the Asus’s marketing company, price, and the specs. Wifi card problems, Hinges breaking on TUF models, Asu’s bloatware, overheating, and never ending driver problems. I’ve never used any other laptops except for asu’s in hopes that I got unlucky, but no, they are all like this, listen to other guys on this tread for suggestions on other brands, just don’t but Asu’s.",1,GamingLaptops,tech,https://www.reddit.com/r/GamingLaptops/comments/1vo5wga/laptop_recommendation_out_of_these_brands/,,
"Personally have a Lenovo Legion pro 5. My opinion is this:

If you want a laptop, the sweetspot is 2000 - 2500. Over that, you're paying a lot for minor improvements. Under that, you're looking for a good deal.

A laptop is a premium product. It's basically a PC built to be compact. All the parts have to be smaller. Any laptop with certain specs, you can get as a PC for cheaper. You should expect to put down some money for a good one.",1,GamingLaptops,tech,https://www.reddit.com/r/GamingLaptops/comments/1vo5wga/laptop_recommendation_out_of_these_brands/,,
"Just got an acre nitro 5, been having zero issues, playing POE2 and overwatch league of legends, zero crashes",1,GamingLaptops,tech,https://www.reddit.com/r/GamingLaptops/comments/1vo5wga/laptop_recommendation_out_of_these_brands/,,
"Since 2019 I had asus, asus, lenovo, definitely lenovo. the second asus was more budget oriented, TUF, but I can definitely say lenovo makes the best laptops.",1,GamingLaptops,tech,https://www.reddit.com/r/GamingLaptops/comments/1vo5wga/laptop_recommendation_out_of_these_brands/,,
"An open box 5080 HP omen max with 32gb ram, if you can't find it the Acer predator 5070ti with 32 gb ram is a good deal for 2k.",1,GamingLaptops,tech,https://www.reddit.com/r/GamingLaptops/comments/1vo5wga/laptop_recommendation_out_of_these_brands/,,
"Get the Thinkpad, JOIN THE THINKPAD CULT",1,GamingLaptops,tech,https://www.reddit.com/r/GamingLaptops/comments/1vo5wga/laptop_recommendation_out_of_these_brands/,,
No brands come close to Asus in terms of how easy it is to break your laptop just because smooth brains on the manufacturer side thinks its cool to put a leaky ass liquid metal that was 0.1mm closer to frying your mboard and ruin entire system and your day.,1,GamingLaptops,tech,https://www.reddit.com/r/GamingLaptops/comments/1vo5wga/laptop_recommendation_out_of_these_brands/,,
"Lenovo is the best imo, also they honor their warranty, had a 4 moth old laptop, added my own SSD, had to clean cat hairs out of the cooling fans, a few days later one of the ram sticks stopped working. despite having fucked with the device, having taken the whole cooling out, and applying new thermal paste, adding an ssd etc, they still repaired it by just replacing the whole motherboard and cooling unit, that's pretty much a new laptop.",1,GamingLaptops,tech,https://www.reddit.com/r/GamingLaptops/comments/1vo5wga/laptop_recommendation_out_of_these_brands/,,
My 2021 Asus ROG Strix is still going strong. I'd definitely buy another Asus when it's time to replace it.,1,GamingLaptops,tech,https://www.reddit.com/r/GamingLaptops/comments/1vo5wga/laptop_recommendation_out_of_these_brands/,,
Msi?,1,GamingLaptops,tech,https://www.reddit.com/r/GamingLaptops/comments/1vo5wga/laptop_recommendation_out_of_these_brands/,,
Hp never,1,GamingLaptops,tech,https://www.reddit.com/r/GamingLaptops/comments/1vo5wga/laptop_recommendation_out_of_these_brands/,,
"Asus or lenovo, i like lenovo lecoo pro 14 32/1024, lenovo xiaoxin 14 pro 24/1024",1,GamingLaptops,tech,https://www.reddit.com/r/GamingLaptops/comments/1vo5wga/laptop_recommendation_out_of_these_brands/,,
"Asus tuf a16 if u could

Hp omens are nice too
Both suits u but I lean towards the asus tuf a16 cuz it has 90wh battery the ( a16 ones )",1,GamingLaptops,tech,https://www.reddit.com/r/GamingLaptops/comments/1vo5wga/laptop_recommendation_out_of_these_brands/,,
"I love my Asus but for $2000 I'd definitely buy a legion

(No Acer pls)",1,GamingLaptops,tech,https://www.reddit.com/r/GamingLaptops/comments/1vo5wga/laptop_recommendation_out_of_these_brands/,,
Why not acer?,3,GamingLaptops,tech,https://www.reddit.com/r/GamingLaptops/comments/1vo5wga/laptop_recommendation_out_of_these_brands/,,
Asus if ROG not TUF. Lenovo are good too,0,GamingLaptops,tech,https://www.reddit.com/r/GamingLaptops/comments/1vo5wga/laptop_recommendation_out_of_these_brands/,,
why not tuf? Some rog like zephyrus have worse build quality than most tuf,1,GamingLaptops,tech,https://www.reddit.com/r/GamingLaptops/comments/1vo5wga/laptop_recommendation_out_of_these_brands/,,
"I bought an asus tuf a15 couple of months ago, works pretty good but its to little time to tell",0,GamingLaptops,tech,https://www.reddit.com/r/GamingLaptops/comments/1vo5wga/laptop_recommendation_out_of_these_brands/,,
I recommend Asus ROG I never had any problems with them or their laptops,0,GamingLaptops,tech,https://www.reddit.com/r/GamingLaptops/comments/1vo5wga/laptop_recommendation_out_of_these_brands/,,
"Go for Lenovo, i bought legion 5 pro rtx 3070 variant in 2022, it still works like charm, great thermals and display, rtx 3070 delivers 90+ fps in Pubg in 4K external monitor!",0,GamingLaptops,tech,https://www.reddit.com/r/GamingLaptops/comments/1vo5wga/laptop_recommendation_out_of_these_brands/,,
"As an ex windows user i recommend a MacBook.

Nobody wants windows trash.",0,GamingLaptops,tech,https://www.reddit.com/r/GamingLaptops/comments/1vo5wga/laptop_recommendation_out_of_these_brands/,,
Apple,0,GamingLaptops,tech,https://www.reddit.com/r/GamingLaptops/comments/1vo5wga/laptop_recommendation_out_of_these_brands/,,
Amd about to release the 9070XT for 850 💀,3307,pcmasterrace,tech,https://www.reddit.com/r/pcmasterrace/comments/1itnzil/me_after_watching_rtx_5070ti_reviews/,,
AMD's patented Foot Gun technology,1703,pcmasterrace,tech,https://www.reddit.com/r/pcmasterrace/comments/1itnzil/me_after_watching_rtx_5070ti_reviews/,,
now with autoloader and selfigniter!,130,pcmasterrace,tech,https://www.reddit.com/r/pcmasterrace/comments/1itnzil/me_after_watching_rtx_5070ti_reviews/,,
With the famous AMD toeBullet max pro mega 3.2 technology.,422,pcmasterrace,tech,https://www.reddit.com/r/pcmasterrace/comments/1itnzil/me_after_watching_rtx_5070ti_reviews/,,
AMD toeBullet AI max pro mega 3.2*,8,pcmasterrace,tech,https://www.reddit.com/r/pcmasterrace/comments/1itnzil/me_after_watching_rtx_5070ti_reviews/,,
"They'll go wild this time and try 800 MSRP (selling for 950 in reality at retailers). And then have supply issues coupled with ugly FSR bugs combined with terrible ray tracing and wonder why they have no market share, throw their hands up and say they give up and shutter Radeon in leiu of integrated graphics for smaller form factor devices.",142,pcmasterrace,tech,https://www.reddit.com/r/pcmasterrace/comments/1itnzil/me_after_watching_rtx_5070ti_reviews/,,
Optimist. New half cooked innovations will be included and make sure to keep us busy in 2025.,22,pcmasterrace,tech,https://www.reddit.com/r/pcmasterrace/comments/1itnzil/me_after_watching_rtx_5070ti_reviews/,,
"It is what it is.

AMD have less money than Nvidia. Pure rasterisations are still competitive to some extent. But for many generations now they have fallen behind on the perks, recently its Ray Tracing but it was smaller things before like physx and hairworks, general CUDA framework.",11,pcmasterrace,tech,https://www.reddit.com/r/pcmasterrace/comments/1itnzil/me_after_watching_rtx_5070ti_reviews/,,
And consoles. Dont forget their beloved console market,1,pcmasterrace,tech,https://www.reddit.com/r/pcmasterrace/comments/1itnzil/me_after_watching_rtx_5070ti_reviews/,,
"So what's their alternative?

Price it much lower resulting in far more demand then they have the supply to meet? Resulting in massive shortages making everyone angry and scalpers taking AMD's much needed GPU profits? where's the upside in that?

And before you response, realise that AMD needs to reserve wafers 18 months in advance at TSMC, and even if you started production right now it will be months before extra GPU's role off the assembly line. AMD just can't move on supply in a relevant timeframe.

What's going to happen is AMD is going to (attempt to) price these in such a way that demand meets the supply they have. and with nvidia being unexpectedly nowhere, AMD has no choice but to price them high because they don't have the supply to take significant marketshare from nvidia.

Then you might go, why doesn't AMD order twice as many GPU wafers. well because that's a huge financial risk for AMD's GPU division. they need to order those well before if they knew if their own GPU will be a great or meh, and well before they know if nvidia's GPU's will be meh or if nvidia knocks it out of the park. and even if both of those are in favour of AMD, then there is always the risk that nvidia reacts on price if AMD starts taking significant market share away from them. if ANY of those goes against AMD AMD will be stuck with a huge amount of extra GPU's that they can now no longer sell anywhere near fast enough.

You might say higher prices is shooting themselves in the foot... But with their alternatives they have the potential to blow themselves up entirely.",32,pcmasterrace,tech,https://www.reddit.com/r/pcmasterrace/comments/1itnzil/me_after_watching_rtx_5070ti_reviews/,,
"So what you're saying is AMD has manufactured a shitty situation over the years when they had a bigger slice of market share and are now in a tricky situation because of it? Damn that's crazy. Also if you price correctly now and get good reviews even if there are shortages the first 6 months people will still buy the AMD product and they will still recover market share i mean its not like you can buy Nvidia at MSRP right now so if both companies only have MSRP cards in 6 months well AMD would love to have a competitive MSRP by then no?. You're talking like AMD sold 7900XTs at 900$ MSRP and they didn't sit at shelves or you're talking like they priced the 7900XTX kinda competitively and it was sold out everywhere for years or something. AMD needs to price competitively this generation for their and our own sakes. Your excuse is weak as fuck tbh ""creating shortages and making everyone angry and scalpers taking AMD much needed GPU profits?"" AMD as a company is doing fantastic wtf are you talking about much needed? Also, you're really advocating for AMD to price higher because if not scalpers will rip the benefits and not AMD? Wtf?. AMD is the leader on the CPU market in basically everything consumer, servers etc. Also they have the massive console contracts, their stock is healthy, their revenue and profit are healthy. Stop making excuses.",52,pcmasterrace,tech,https://www.reddit.com/r/pcmasterrace/comments/1itnzil/me_after_watching_rtx_5070ti_reviews/,,
"There is, however, the radical alternative... They take a gamble. I'm sure they can see the writing on the wall. If they continue the current ""strategy"" they will comfortably and safely waffle off into complete irrelevance, eventually also abandonning the gamer market as anything other than just a dumping ground for excess stock from what they sell to consoles and OEMs.

If they want to change things, they need to gamble: They order vastly more wafers, committing to the idea that they really need marketshare. Ideally it's selling a ""good"" GPU for an awesome price, but if not, selling an ""OK"" GPU for a bargain bin price will at least catch some attention, so long as they commit sufficient stock to the market that those prices are actually the prices everyone pays. Eliminate the scalpers entirely, push enough stock out there that there's actually enough supply to have them sold at a loss during some of the major sales without having them be door crashers where each store has maybe 2 available.

Regardless of whether or not this generation for them is a good or bad one, regardless of whether this gen is good or bad for Nvidia, they either have to get some market share or become irrelevant. Even if it's just stealing Intel's lunch with a bargain basement ""It's about on par with a 4060, but we price it at a point so low that literally the entire market with anything equal to or worse than a 4060 can't justify not buying it."" levels of prices. I'm talking something drastic, not just a ""-50"". Launching with MSRP at half the lowest price of any 4060 sort of good prices. That, at least, will give a lot of people an upgrade, and more than anything gives them a solid reputation with a fairly large chunk of the market that ""AMD"" is synonomous with ""extremely good value for the money"". Will they make a ton of money that way? I don't know. Probably not. The margins on any one GPU would definitely be very low. Would it pay off? No-one knows. It might. Will they get a lot of market share in the mid or high range? Also probably not. But it moves them in the right direction, gets a lot of happy customers, a lot of people who start looking for the Radeon branding when they think about upgrades, and might create an environment where ""-50"" is enough to have people pick them over Nvidia in the mid-range.

I'm sure AMD, more than any of us, is aware of their strategic position and for all our armchair economics, they know what's at stake and what they can risk better than we do. But here's hoping that they have the resources to put some weight behind all their ""We're going to dominate the mid-range"" rhetoric.

I'd like to be impressed. Heh. It'd be nice to have some incentive to upgrade my own GPU. But so far, there's neither need nor sufficient value in any of the GPU manufacturers to replace my trusty RX 480 8Gb.",7,pcmasterrace,tech,https://www.reddit.com/r/pcmasterrace/comments/1itnzil/me_after_watching_rtx_5070ti_reviews/,,
And that's part of the trouble when you don't have your own fabs.,1,pcmasterrace,tech,https://www.reddit.com/r/pcmasterrace/comments/1itnzil/me_after_watching_rtx_5070ti_reviews/,,
"Sadly creating a fab and finding qualified workers for it is not an easy task. But yeah having their own fab would only give benefits, especially in an industry where there's a shortage of them. Even if their GPUs didn't sell enought they could run their factory for other company and not sit on an idle asset.",1,pcmasterrace,tech,https://www.reddit.com/r/pcmasterrace/comments/1itnzil/me_after_watching_rtx_5070ti_reviews/,,
With upscaled and interpolated bullets,1,pcmasterrace,tech,https://www.reddit.com/r/pcmasterrace/comments/1itnzil/me_after_watching_rtx_5070ti_reviews/,,
"Face to foot style, how do you like it?",1,pcmasterrace,tech,https://www.reddit.com/r/pcmasterrace/comments/1itnzil/me_after_watching_rtx_5070ti_reviews/,,
Shit. Thank you for that chortle. Needed it,1,pcmasterrace,tech,https://www.reddit.com/r/pcmasterrace/comments/1itnzil/me_after_watching_rtx_5070ti_reviews/,,
Then blame the consumers,1,pcmasterrace,tech,https://www.reddit.com/r/pcmasterrace/comments/1itnzil/me_after_watching_rtx_5070ti_reviews/,,
Maybe Intel will come out with a b780!,128,pcmasterrace,tech,https://www.reddit.com/r/pcmasterrace/comments/1itnzil/me_after_watching_rtx_5070ti_reviews/,,
"It seems every gen, Nvidia moves further away from the gaming market. It wouldn't surprise me if the future was just amd and intel graphics cards for gamers.",136,pcmasterrace,tech,https://www.reddit.com/r/pcmasterrace/comments/1itnzil/me_after_watching_rtx_5070ti_reviews/,,
Nah nvidia will be there just for the ultra high end market because it's low volume and high margin so it won't affect their AI production.,109,pcmasterrace,tech,https://www.reddit.com/r/pcmasterrace/comments/1itnzil/me_after_watching_rtx_5070ti_reviews/,,
Why would Nvidia introduce their own gaming features only to abandon the gaming industry? I think this is an overreaction. Nvidia will continue with the gaming market because they've been trying for the longest while to phase AMD out of the equation.,15,pcmasterrace,tech,https://www.reddit.com/r/pcmasterrace/comments/1itnzil/me_after_watching_rtx_5070ti_reviews/,,
Why they should? Gamig market is more than three times the size of the music- and movie market. It just doesnt make sense what some user write here,2,pcmasterrace,tech,https://www.reddit.com/r/pcmasterrace/comments/1itnzil/me_after_watching_rtx_5070ti_reviews/,,
"Celestial cards from Intel should come out this year, so it would be your c580 or something like that.",2,pcmasterrace,tech,https://www.reddit.com/r/pcmasterrace/comments/1itnzil/me_after_watching_rtx_5070ti_reviews/,,
"It seems that the B580 is quite heavily subsidised by Intel, using a 272 mm² TSMC N4 chip, which is disproportionate for its performance. That's the same manufacturing process and a similar size as AD104 and GB205 chips, which are used in 4060Ti/4070/5070.

They can't push out cards at a loss forever. A B780 would probably be pretty disappointing for people if Intel tries to make any actual profit.",2,pcmasterrace,tech,https://www.reddit.com/r/pcmasterrace/comments/1itnzil/me_after_watching_rtx_5070ti_reviews/,,
"Who knows, they may reduce the price by 100 just before or after the launch. It's amd after all",16,pcmasterrace,tech,https://www.reddit.com/r/pcmasterrace/comments/1itnzil/me_after_watching_rtx_5070ti_reviews/,,
Then -150 the price 3 months later without telling anyone,8,pcmasterrace,tech,https://www.reddit.com/r/pcmasterrace/comments/1itnzil/me_after_watching_rtx_5070ti_reviews/,,
Here I can buy 7900 XTX for $850 or pre-order 9070XT for $930.,6,pcmasterrace,tech,https://www.reddit.com/r/pcmasterrace/comments/1itnzil/me_after_watching_rtx_5070ti_reviews/,,
I paid $850usd for my xtx a month ago. Now the same retailer is asking $1400. The regular xt is now $950,3,pcmasterrace,tech,https://www.reddit.com/r/pcmasterrace/comments/1itnzil/me_after_watching_rtx_5070ti_reviews/,,
got a link for those $850 7900 xtx's? Cuz cap,4,pcmasterrace,tech,https://www.reddit.com/r/pcmasterrace/comments/1itnzil/me_after_watching_rtx_5070ti_reviews/,,
"“We stopped producing high end cards and focused on perfecting the midrange cards, so we can sell those ones to you at high end prices.”",1,pcmasterrace,tech,https://www.reddit.com/r/pcmasterrace/comments/1itnzil/me_after_watching_rtx_5070ti_reviews/,,
I saw the 7800xt for 400 USD and said fuck this I'm not waiting,1,pcmasterrace,tech,https://www.reddit.com/r/pcmasterrace/comments/1itnzil/me_after_watching_rtx_5070ti_reviews/,,
It’s always nvidia msrp - 50usd. Like Steve “Jesus” said.,1,pcmasterrace,tech,https://www.reddit.com/r/pcmasterrace/comments/1itnzil/me_after_watching_rtx_5070ti_reviews/,,
That is still too expensive.,1,pcmasterrace,tech,https://www.reddit.com/r/pcmasterrace/comments/1itnzil/me_after_watching_rtx_5070ti_reviews/,,
"I will consider $650 for Nitro+. Anything above that it non-buy-nary for me. I want give them moeny, but I will not give my dignity.",1,pcmasterrace,tech,https://www.reddit.com/r/pcmasterrace/comments/1itnzil/me_after_watching_rtx_5070ti_reviews/,,
"Why did AMD switch their naming convention again, I can't tell which damn one is the flagship",1,pcmasterrace,tech,https://www.reddit.com/r/pcmasterrace/comments/1itnzil/me_after_watching_rtx_5070ti_reviews/,,
My silly ass thought it was an Nvidia 9070 💀,0,pcmasterrace,tech,https://www.reddit.com/r/pcmasterrace/comments/1itnzil/me_after_watching_rtx_5070ti_reviews/,,
amd:sure here -50$,1340,pcmasterrace,tech,https://www.reddit.com/r/pcmasterrace/comments/1itnzil/me_after_watching_rtx_5070ti_reviews/,,
"But that's the rub, if the 9070xt is trading blows with the 5070ti and you can actually buy it for $700, that'll somehow be great. What a market.",462,pcmasterrace,tech,https://www.reddit.com/r/pcmasterrace/comments/1itnzil/me_after_watching_rtx_5070ti_reviews/,,
"The problem is it'll trade blows with the 5070 ti... in raster only. RT will be ""better"", but still drop it down a GPU tier to compete with the cheaper 5070. And then FSR4 is not likely to catch up to DLSS4, as it's more getting caught up on DLSS2 for upscaling.

So yeah, -50$. Which everyone will happily pay to get the nVidia stack and RT performance.

I'm opened to being surprised that this isn't just RDNA III : Return of the low market share.",334,pcmasterrace,tech,https://www.reddit.com/r/pcmasterrace/comments/1itnzil/me_after_watching_rtx_5070ti_reviews/,,
"Blackwell rt is barely better than Lovelace, and rdna4 is supposed to be a big step up from rdna3 in rt specifically. Fsr4 did look a shit load better in that video that HUB put out... So I think there's actually hope.

But really, my point is that right now you can barely get a 5070ti under 900, so even a $700 9070xt that actually competes would be a shit load better.",165,pcmasterrace,tech,https://www.reddit.com/r/pcmasterrace/comments/1itnzil/me_after_watching_rtx_5070ti_reviews/,,
"If it actually stays at 700, it will be actually -300$. 700 for a 70 class is still a lot, but competition is at 1000",27,pcmasterrace,tech,https://www.reddit.com/r/pcmasterrace/comments/1itnzil/me_after_watching_rtx_5070ti_reviews/,,
"Fuck ray tracing at this point. If we're going to be locked into an nvidia monopoly by it then turn it off and don't buy games that force it.

It's not worth it in so many ways.",16,pcmasterrace,tech,https://www.reddit.com/r/pcmasterrace/comments/1itnzil/me_after_watching_rtx_5070ti_reviews/,,
"If youre playing wow, cs, Fortnite, rivals or anything else competitive mainly you want that raster performance and not some upscaled shit and you Arent wanting ray tracing.

For single player greats like the new Indy game though its a diff story.",3,pcmasterrace,tech,https://www.reddit.com/r/pcmasterrace/comments/1itnzil/me_after_watching_rtx_5070ti_reviews/,,
"None of those games require anything remotely modern to play them.

Heck WoW is mostly CPU and engine limited to begin with. Not to mention WoW plays perfectly at 60 fps, input lag is based on connection to the server, not frame rate really.

They already run plenty fast on 30 series hardware.",5,pcmasterrace,tech,https://www.reddit.com/r/pcmasterrace/comments/1itnzil/me_after_watching_rtx_5070ti_reviews/,,
"I don't understand why everyone is comparing the products by pure raster. There's a lot more at play. Me, for instance, I really like all the software Nvidia has. From the app to the broadcast to the AI and RT. AMD just doesn't have these.",3,pcmasterrace,tech,https://www.reddit.com/r/pcmasterrace/comments/1itnzil/me_after_watching_rtx_5070ti_reviews/,,
Wait did the settings app finally change? I only remember it being like the one from windows xp.,8,pcmasterrace,tech,https://www.reddit.com/r/pcmasterrace/comments/1itnzil/me_after_watching_rtx_5070ti_reviews/,,
"Everyone who? Most people buy Nvidia so clearly they're not. I like the Adrenalin app more, but I don't buy GPU based on that, I really couldn't care less as it factors into my decision making.

Not sure what broadcast or AI means, so I guess I don't care.

RT I will never turn on if it lowers FPS because I can't see the difference most times, and then others it looks different not better. So I'd rather have the higher FPS and lower latency. Plus a lot of the Nvidia cards don't even have the VRAM for RT.",18,pcmasterrace,tech,https://www.reddit.com/r/pcmasterrace/comments/1itnzil/me_after_watching_rtx_5070ti_reviews/,,
"nVidia's software looked like shit made in 1998 until 2024 man. That's bad. Really bad. AMD's software is easier to operate with, easy GPU tuning features, and even their own browser so you can look on their sites whenever you want. No one wants a card that in raw performance, performs like a 1070. AI is not what gamers want.",7,pcmasterrace,tech,https://www.reddit.com/r/pcmasterrace/comments/1itnzil/me_after_watching_rtx_5070ti_reviews/,,
I’d rather just get a 5070 if the 9070 xt is over 600,1,pcmasterrace,tech,https://www.reddit.com/r/pcmasterrace/comments/1itnzil/me_after_watching_rtx_5070ti_reviews/,,
"Maan I wish they priced their products in accordance to RT performance. If 9070 XT has 4070 Ti Super RT and priced just below it, it'll sell well",1,pcmasterrace,tech,https://www.reddit.com/r/pcmasterrace/comments/1itnzil/me_after_watching_rtx_5070ti_reviews/,,
"Most predictions have FSR4 ballpark between DLSS 3 and 3.8 which while a wide range, is a huge leap forward if true. Similarly the raytracing is supposed to comp to the 4070 which the generational leaps in raytracing have hit diminishing returns. 2000-3000 was a planetary leap, 3000-4000 was pretty big, but by all means 4000-5000 is an incremental bump.

If AMD drops a card with basically circa 2022/2023 tier Nvidia level raytracing and ai frame gen, with the usual better rasterization and its undercutting Nvidia in price while there's a 5000 series supply shortage and people still don't buy it that's on consumers and the market.

That is assuming the 9070 cards deliver on the rumored performance. Which is a big assumption. But if we're gonna talk about a card that's not out yet that's all we can do.",1,pcmasterrace,tech,https://www.reddit.com/r/pcmasterrace/comments/1itnzil/me_after_watching_rtx_5070ti_reviews/,,
"You should get a job at AMD. Not sure how many times Radeon will fumble the bag, -$50 doesn’t cut it.",24,pcmasterrace,tech,https://www.reddit.com/r/pcmasterrace/comments/1itnzil/me_after_watching_rtx_5070ti_reviews/,,
"I mean let's be honest, mid range pricing is off the fucking rails from Nvidia and Amd.",12,pcmasterrace,tech,https://www.reddit.com/r/pcmasterrace/comments/1itnzil/me_after_watching_rtx_5070ti_reviews/,,
People will then just buy 5070 for ~$700 instead of amd even if it's a worse product. We've seen this time and again. Case in point 7600xt vs 4060,8,pcmasterrace,tech,https://www.reddit.com/r/pcmasterrace/comments/1itnzil/me_after_watching_rtx_5070ti_reviews/,,
"For 200 dollars (in Europe probably even less) difference, you would have still plenty of reasons to buy a 5070 TI to be fair.",11,pcmasterrace,tech,https://www.reddit.com/r/pcmasterrace/comments/1itnzil/me_after_watching_rtx_5070ti_reviews/,,
"Even if rt and fsr are both significantly improved? Those are the main areas where Radeon is lacking, currently.

If they aren't significantly improved, then I kind of presume Amd will price the card even lower.

All comes down to final price and performance.",3,pcmasterrace,tech,https://www.reddit.com/r/pcmasterrace/comments/1itnzil/me_after_watching_rtx_5070ti_reviews/,,
"Well, if we're talking FSR, it has to compete with DLSS4 now. And DLSS4 Balanced looks better than DLSS3 Quality. So assuming FSR4 is as good as DLSS3, AMD cards running on FSR Quality would have to give better performance than NVidia cards running DLSS Balanced, and that seems pretty unlikely. Especially with the RT difference. And many games have RT now.",4,pcmasterrace,tech,https://www.reddit.com/r/pcmasterrace/comments/1itnzil/me_after_watching_rtx_5070ti_reviews/,,
"Even if they are improved it doesn't mean they are as good as Nvidia ones.

What you presume doesn't match reality, AMD isn't you friend and will try to squeeze more money as they can from you. 

Also there are the other Nvidia perks (CUDA, Reflex 2, MFG if you like it, the future Neural Rendering ecc...)",20,pcmasterrace,tech,https://www.reddit.com/r/pcmasterrace/comments/1itnzil/me_after_watching_rtx_5070ti_reviews/,,
"The thing is, if the 9070XT has a US price of 800$, that is basically 1000€ in Europe and lets just say, for that price you can get a used RX 7900 XTX. And if you add like a few hundred Euros and keep your eyes open, maybe even a used RTX 4090.

Why should you then ever buy this new card when you can just get used cards that are better for the same/slightly higher price?",3,pcmasterrace,tech,https://www.reddit.com/r/pcmasterrace/comments/1itnzil/me_after_watching_rtx_5070ti_reviews/,,
"If I'm paying near Nvidia prices for cards without the extra features, I think I might just buy something cheap from intel and see what happens with the next node.",6,pcmasterrace,tech,https://www.reddit.com/r/pcmasterrace/comments/1itnzil/me_after_watching_rtx_5070ti_reviews/,,
You think AMD will trade blows with Nvidia in terms of RT performance (aka current gen lighting)? Or is this gonna be another generation of touting AMD’s meaningless raster performance,2,pcmasterrace,tech,https://www.reddit.com/r/pcmasterrace/comments/1itnzil/me_after_watching_rtx_5070ti_reviews/,,
"Here in Germany you can get a new 7900 xt for less than that, a used one for much less than that. It would be the same value as a 2080 back in the day or a 5080 today, which is to say it would be absolute trash tier value. Especially considering that in reality it would cost more than that.",1,pcmasterrace,tech,https://www.reddit.com/r/pcmasterrace/comments/1itnzil/me_after_watching_rtx_5070ti_reviews/,,
"Nah trolls and astroturfers would still bitch, its almost like they are paid to do this.",-4,pcmasterrace,tech,https://www.reddit.com/r/pcmasterrace/comments/1itnzil/me_after_watching_rtx_5070ti_reviews/,,
AMD at -$50 nvidia's MSRP would end up being min. -$250 in the real world.,13,pcmasterrace,tech,https://www.reddit.com/r/pcmasterrace/comments/1itnzil/me_after_watching_rtx_5070ti_reviews/,,
"Depends on how FSR4 goes. If it closes the gap enough 50 less plus being available might just be enough. For gaming at least, CUDA is still unbeatable in AI.",3,pcmasterrace,tech,https://www.reddit.com/r/pcmasterrace/comments/1itnzil/me_after_watching_rtx_5070ti_reviews/,,
"CUDA is why I’m stuck waiting for the 5090 to be in stock. Work is going to reimburse me the MSRP for the card if I get one (but nothing over it), and it will be mine to keep, but I can’t even get one if I had a fist full of cash and walked into every tech store in the country with it right now.",9,pcmasterrace,tech,https://www.reddit.com/r/pcmasterrace/comments/1itnzil/me_after_watching_rtx_5070ti_reviews/,,
How many people actually use local run AI though?  Most people still buy GPUs for games.,9,pcmasterrace,tech,https://www.reddit.com/r/pcmasterrace/comments/1itnzil/me_after_watching_rtx_5070ti_reviews/,,
"Almost no one, but some hobbyists still want the card that is best for AI for some reason.

Like buying name brand legos instead of the offbrand for 1/2 the price. You are just wasting time making a lego house. Why does it matter?",2,pcmasterrace,tech,https://www.reddit.com/r/pcmasterrace/comments/1itnzil/me_after_watching_rtx_5070ti_reviews/,,
"Not applicable to everyone for sure, it’s probably just people using small models for personal use. Pros would go for a card with bigger vram.I am just saying it’s another added feature that AMD doesn’t have, along with DLSS and the like.",2,pcmasterrace,tech,https://www.reddit.com/r/pcmasterrace/comments/1itnzil/me_after_watching_rtx_5070ti_reviews/,,
Personally I don't really care or have a use for AI beyond just basic writing stuff.  The new deepseek AI is supposed to work better with AMD than old ones did though.,2,pcmasterrace,tech,https://www.reddit.com/r/pcmasterrace/comments/1itnzil/me_after_watching_rtx_5070ti_reviews/,,
"A lot, espiecially for local generations. With freedom of content, controlling the image and for safety concerns, not everyone want to have their original artwork in progress which has upscaling/enhancements ongoing to float freely on the web on someone's servers",0,pcmasterrace,tech,https://www.reddit.com/r/pcmasterrace/comments/1itnzil/me_after_watching_rtx_5070ti_reviews/,,
How many people even use AI for image generation though?  I've messed around a little bit with the online ones out of curiosity but I don't have any desire to use one regularly.,6,pcmasterrace,tech,https://www.reddit.com/r/pcmasterrace/comments/1itnzil/me_after_watching_rtx_5070ti_reviews/,,
"How many people actually use local run AI though?

CUDA is not just AI.

Lots of productivity software use it. It's a general computing library that uses the GPU instead of the CPU.",0,pcmasterrace,tech,https://www.reddit.com/r/pcmasterrace/comments/1itnzil/me_after_watching_rtx_5070ti_reviews/,,
Wow i guess i better buy 4070 ti super because store nearby me still sell it for 745$,1,pcmasterrace,tech,https://www.reddit.com/r/pcmasterrace/comments/1itnzil/me_after_watching_rtx_5070ti_reviews/,,
Someone watched the video you should not be watching! Idiot /s,0,pcmasterrace,tech,https://www.reddit.com/r/pcmasterrace/comments/1itnzil/me_after_watching_rtx_5070ti_reviews/,,
"I lost all the hope. Its more than apparent now that AMD will release just ""sorta more agreable deal"" instead of revolution and price normalization we all dream of. they are not our savior....",752,pcmasterrace,tech,https://www.reddit.com/r/pcmasterrace/comments/1itnzil/me_after_watching_rtx_5070ti_reviews/,,
If they can provide something that's decent performance and in stock and not at scalper prices that's basically enough for me for now as bad as that would be.,151,pcmasterrace,tech,https://www.reddit.com/r/pcmasterrace/comments/1itnzil/me_after_watching_rtx_5070ti_reviews/,,
"Problem is that even MSRP feel like scalper prices, 980 was going for about 500 euro (at retailer that was overpriced) then the scalpers came and manufacturers saw people buying at 2-3 times the price. now the 80 ""class"" is out at 1000 MSRP (real price at store 1200-1400) simply feels like the ""bang for the buck"" isnt there anymore. But yeah i have to admit that if i absolutely had to chose a gpu now i would probably go for AMD.",72,pcmasterrace,tech,https://www.reddit.com/r/pcmasterrace/comments/1itnzil/me_after_watching_rtx_5070ti_reviews/,,
"Inflation is crazy all over the last few years, up 30% or something on average from 2020.  So to me at least if a 9070 is $650 that'd be $455 in 2020 money, which isn't crazy for a mid range card.",10,pcmasterrace,tech,https://www.reddit.com/r/pcmasterrace/comments/1itnzil/me_after_watching_rtx_5070ti_reviews/,,
"$650 dollars today was actually $530 in 2020, not 455",4,pcmasterrace,tech,https://www.reddit.com/r/pcmasterrace/comments/1itnzil/me_after_watching_rtx_5070ti_reviews/,,
"Okay? Things cost more now everywhere.

Wouldn't be surprised if your income has doubled since then.",1,pcmasterrace,tech,https://www.reddit.com/r/pcmasterrace/comments/1itnzil/me_after_watching_rtx_5070ti_reviews/,,
How are they going to control scalpers?,0,pcmasterrace,tech,https://www.reddit.com/r/pcmasterrace/comments/1itnzil/me_after_watching_rtx_5070ti_reviews/,,
"Amd I don't think scalpers will really be an issue, I was talking about not pricing it at $900 I'm store like Nvidia's 5070ti",3,pcmasterrace,tech,https://www.reddit.com/r/pcmasterrace/comments/1itnzil/me_after_watching_rtx_5070ti_reviews/,,
"The thing is AMD more or less did the thing we wanted in their 70 series. It is not perfect, but at least cheaper than Nvidia 40 series for similar performance. Then what happened? The market still leans massively towards Nvidia. At this point, I guess there isn't much point for AMD to fight for the market share aggressively as the market is flooded with Nvidia believers that no matter how hard you try, they will pay for the premium of Nvidia.",27,pcmasterrace,tech,https://www.reddit.com/r/pcmasterrace/comments/1itnzil/me_after_watching_rtx_5070ti_reviews/,,
"Nvidia seems to really understand marketing, which seems to be the reason many people will stay pay their premium over AMD. They know if they throw in one or two extra features people will still be willing to pay extra for their cards.",8,pcmasterrace,tech,https://www.reddit.com/r/pcmasterrace/comments/1itnzil/me_after_watching_rtx_5070ti_reviews/,,
True. They just put more and more garnishes on the dish and charge more without providing a better steak.,1,pcmasterrace,tech,https://www.reddit.com/r/pcmasterrace/comments/1itnzil/me_after_watching_rtx_5070ti_reviews/,,
"That requires users swallowing their Ngreedia pride and actually buying AMD, which a whole lot a them will not do even if they sold it for the price of 12 chicken nuggets.",3,pcmasterrace,tech,https://www.reddit.com/r/pcmasterrace/comments/1itnzil/me_after_watching_rtx_5070ti_reviews/,,
"Yep, that's how duopolies work",3,pcmasterrace,tech,https://www.reddit.com/r/pcmasterrace/comments/1itnzil/me_after_watching_rtx_5070ti_reviews/,,
"Exactly, they just stop making affordable cards for gamers",1,pcmasterrace,tech,https://www.reddit.com/r/pcmasterrace/comments/1itnzil/me_after_watching_rtx_5070ti_reviews/,,
At this point you gotta wonder if it's collusion. Lisa is related to Jensen after all.,-3,pcmasterrace,tech,https://www.reddit.com/r/pcmasterrace/comments/1itnzil/me_after_watching_rtx_5070ti_reviews/,,
"Or maybe there's an actual monopoly that drives up the prices.

Quick trivia question: which process intel uses for Battlemage and Lunar Lake?",10,pcmasterrace,tech,https://www.reddit.com/r/pcmasterrace/comments/1itnzil/me_after_watching_rtx_5070ti_reviews/,,
"9070XT - about the same ballpark performance for 750$-850$, maybe its only saving grace will be available stock on launch.",291,pcmasterrace,tech,https://www.reddit.com/r/pcmasterrace/comments/1itnzil/me_after_watching_rtx_5070ti_reviews/,,
"pretty sad but yeah, if it ""exists"" at all it has an advantage.",94,pcmasterrace,tech,https://www.reddit.com/r/pcmasterrace/comments/1itnzil/me_after_watching_rtx_5070ti_reviews/,,
"I feel like people really underestimate how much ""being available for sale"" is as a selling point",45,pcmasterrace,tech,https://www.reddit.com/r/pcmasterrace/comments/1itnzil/me_after_watching_rtx_5070ti_reviews/,,
literally bought a 7900 xt this week cuz its all I could find high end at msrp,5,pcmasterrace,tech,https://www.reddit.com/r/pcmasterrace/comments/1itnzil/me_after_watching_rtx_5070ti_reviews/,,
But thats not long term. Nvidia will ramp up production in 2 months or so to meet demand. What next? Aibs & retailers bought 9070xt at slightly less than 5070ti prices. What happens when demand drops? They dont want to be holding the bag. Is amd going to compensate them?,1,pcmasterrace,tech,https://www.reddit.com/r/pcmasterrace/comments/1itnzil/me_after_watching_rtx_5070ti_reviews/,,
"I don’t think most people are going to notice yet, but I really do think that it’s going to be hard to justify buying a mid range AMD GPU in an era where you basically need upscaling and FSR 4 is still using a CNN model instead of Nvidia is more advanced transformer model solution. Slightly worse ray tracing performance probably doesn’t matter because at that price point you aren’t going to be running much path tracing in games anyway. I still don’t know what graphics card to recommend to a family friend who asked me for advice. Basically none of the options this generation feel particularly compelling and though we did look at the Intel B580 it’s kind of too low end. The problem is, I really can’t see many of the GPUs on the middle “end” being good. It’s going to be maybe a 5070 or the 9070 and neither of those are particularly compelling products if at least the rumours are true about whatever AMD is launching. I was originally telling them to wait for the AMD launch since I was hoping it would be slightly better priced than whatever NVIDIA was offering. Apparently, the emphasis is going to be on slightly and not on better.",3,pcmasterrace,tech,https://www.reddit.com/r/pcmasterrace/comments/1itnzil/me_after_watching_rtx_5070ti_reviews/,,
"I think it will be somewhat similar to 7000 vs 40 series, AMD FSR was worse than DLSS both upscaling and FG, so they tried to undercut Nvidia with prices and some models offer more VRAM, at launch they don't have to as stock will be non existing for the 5070ti and probably 5070, later when stock will stabilize they will silently lower the prices. Might sound annoying, but you probably should tell them to wait, unless they find good deal on last gen card.",13,pcmasterrace,tech,https://www.reddit.com/r/pcmasterrace/comments/1itnzil/me_after_watching_rtx_5070ti_reviews/,,
its only saving grace will be the normal power connector,1,pcmasterrace,tech,https://www.reddit.com/r/pcmasterrace/comments/1itnzil/me_after_watching_rtx_5070ti_reviews/,,
"available stock on launch

amd historically hasn't produced high quantities of gpus at launch so while they have been in stores since january we don't know how many they are gonna have and if they sell out fast like nvidia you are still gonna have the same issues",1,pcmasterrace,tech,https://www.reddit.com/r/pcmasterrace/comments/1itnzil/me_after_watching_rtx_5070ti_reviews/,,
If AMD switches from -50$ to -150$ formula they’ll steamroll the consumer market. They’re basically bending backwards to snatch defeat from the jaws of victory at this point.,154,pcmasterrace,tech,https://www.reddit.com/r/pcmasterrace/comments/1itnzil/me_after_watching_rtx_5070ti_reviews/,,
"No they won't. You will hear all the same things you hear now, ""drivers"", ""DLSS"", ""raytracing"", ""CUDA"".",81,pcmasterrace,tech,https://www.reddit.com/r/pcmasterrace/comments/1itnzil/me_after_watching_rtx_5070ti_reviews/,,
"""10-16 GB Vram is enough"" or whatever amount the Nvidia cards are offering right now.",26,pcmasterrace,tech,https://www.reddit.com/r/pcmasterrace/comments/1itnzil/me_after_watching_rtx_5070ti_reviews/,,
Unfortunately I still deal with driver timeouts on the XTX on occasion still but its no where near what is was 10 years ago.,3,pcmasterrace,tech,https://www.reddit.com/r/pcmasterrace/comments/1itnzil/me_after_watching_rtx_5070ti_reviews/,,
"""Doesn't try to burn down your house"", ""doesn't try to brick itself with a driver update""",6,pcmasterrace,tech,https://www.reddit.com/r/pcmasterrace/comments/1itnzil/me_after_watching_rtx_5070ti_reviews/,,
"There will definitely be that but to plenty of people a good enough discount is enough to quell a lot of criticism. Like, pick whatever product you think is meh for some specific reason, then remove 30% from its price and it'll probably be a great product all of a sudden. If a 4070ti equivalent (minus RT/DLSS) is offered at idk, 600$ and IS actually in stock and stays at MSRP, you really think it won't literally fly off shelves? Will it magically give AMD 70% of the market share? Ofc not. Will it finally make a dent and make people consider AMD gpus which will give them goodwill and more people willing to buy just because of value alone (which is how they fucking had to do it with CPUs too)? I think so.

They need to offer a GPU at such a price that basically NO ONE in their right mind would pick an nvidia card over it, other than delusional fanboys (which the average consumer isn't, they see nvidia cards everywhere and they just buy it assuming it's the best, that's the long and short of it). Idgaf if they sell it at cost or lose money on it, I'm not an AMD shareholder, but if they keep this ""oh we're on par with nvidia akshually, have a 50$ discount"" BS up, their GPU division will be dead sooner rather than later, because no one will buy shit. So hopefully they see the writing on the wall here.",2,pcmasterrace,tech,https://www.reddit.com/r/pcmasterrace/comments/1itnzil/me_after_watching_rtx_5070ti_reviews/,,
"Add to it ""AI""",1,pcmasterrace,tech,https://www.reddit.com/r/pcmasterrace/comments/1itnzil/me_after_watching_rtx_5070ti_reviews/,,
Yeah. People hoping for AMD to sell this card for $150 less than Nvidia 5070 only want that because it might make Nvidia lower the price of the 5070.,1,pcmasterrace,tech,https://www.reddit.com/r/pcmasterrace/comments/1itnzil/me_after_watching_rtx_5070ti_reviews/,,
"They need to do a -40% formula, because they have such bad mindshare right now. Most people don't consider AMD at all because the software features of NVIDIA are just wayyy better. 9070 at 350 and 9070xt at 450 would be an actual competitive product, but they'd need huge stock of it.",5,pcmasterrace,tech,https://www.reddit.com/r/pcmasterrace/comments/1itnzil/me_after_watching_rtx_5070ti_reviews/,,
No they won't & that's why AMD don't bother anymore no matter what they do people come up with excuses to buy Nvidia even when it's worse,5,pcmasterrace,tech,https://www.reddit.com/r/pcmasterrace/comments/1itnzil/me_after_watching_rtx_5070ti_reviews/,,
More like -250 -300,1,pcmasterrace,tech,https://www.reddit.com/r/pcmasterrace/comments/1itnzil/me_after_watching_rtx_5070ti_reviews/,,
"I didn’t realize how good I had it when deliberating between 1070 and 1080 prices. After 9 years I’m ready to upgrade and the cost of cpu and gpu are insane. The availability is even more surprising.

I never had an issue finding a product for sale BELOW the msrp. Partner cards were cheaper than founders. $380 for partner 1070 and $450 for founders. It’s why I never bought founders. ~$400 usually got me a 4070 equivalent in the line up year after year for over a decade.

I think from 2005-2015 I never really saw a major increase in cost for mid tier products between new releases. And now they are muddying the nomenclature and performance gains. Partner cards are raising costs and low production is enabling scalping.

Maybe it’s that the market outgrew the industry. Without researching, I’m sure the demand for home gaming pcs has sky rocketed. It was pretty niche when I was young and difficult to find somebody that was interested in this stuff.",17,pcmasterrace,tech,https://www.reddit.com/r/pcmasterrace/comments/1itnzil/me_after_watching_rtx_5070ti_reviews/,,
"According to rumours 9070xt raster is weaker than 7900xtx, but better RT, I doubt that it will be on par with Nvidia.

So similar raster vs 5070ti, but worse RT, also no DLSS 4X, no fancy features, and the lowest price sits at $750 on amazon.

Next generation the transistor density will increase by 70%, I'm skipping this gen.",47,pcmasterrace,tech,https://www.reddit.com/r/pcmasterrace/comments/1itnzil/me_after_watching_rtx_5070ti_reviews/,,
Bro if amd hadn't picked this year to focus on midrange... such a missed opportunity,180,pcmasterrace,tech,https://www.reddit.com/r/pcmasterrace/comments/1itnzil/me_after_watching_rtx_5070ti_reviews/,,
"It's not a 'missed opportunity', it's just the state of technology.

GPU makers used to be able to offer better products at similar prices because semiconductor manufacturers like TSMC rolled out better manufacturing processes. Every few years, you could fit more transistors onto smaller chips. Efficiency and performance went up, prices went down.

This curve first flattened out in the early 2010s with the 28 nm manufacturing process. Wafer prices had stabilised at $1 per 100 million transistors. GPU manufacturers could still design more efficient chips with this, and wafers of existing processes still became cheaper over time, but improvements slowed down.

Since 2021, the situation has become so bad that the same processes are now getting more expensive. Supply has become more inflexible because modern chip production is so difficult, while demand has gone up.

GPU manufacturers and AMD CPUs now all use TSMC 4 nm (because it's the best offer on the market), which has increased in price. 15% from 2021 to 2025, and another projected 10% until the end of 2025. And their customers generally agree with the price hike because they want to enable further expansion.

3 nm processes already exist, but their pricing is so exorbitant that it's not worth it yet. The only major product of interest for desktop gamers that launched with TSMC 3 nm is the Intel Core Ultra line, which notoriously flopped (possibly in part because former Intel CEO Pat Gelsinger fumbled a 40% discount by offending Taiwan.)

But the chip often makes up less than half of the total cost of a graphics card. And the board partners, who turn those chips into complete graphics cards, saw massive inflation in materials, labour, and shipping on their own. And now they get tariffs on top of everything.

So: GPUs are stagnant because the market currently does not enable more cost-efficient GPUs. All of the inputs for creating GPUs have become more expensive, and there is no new manufacturing node that could enable a conventional ""generational improvement"". That's why Nvidia's Blackwell chips (RTX 5000 cards) are based on the same node and effectively only amount to a refresh of Ada Lovelace (RTX 4000).

And AMD's 9700XT is simply another TSMC 4nm GPU that is released under the exact same conditions. AMD can make some choices to optimise its price-efficiency for gaming, but there is not enough room to deliver a blowout product that decisively outcompetes Nvidia's offering. AMD decided to not even compete at the high end because it's really is that difficult.

What we're seeing right now is:

The 9700XT is produced with very similar constraints on price and performance as the RTX4000/5000 series. AMD can make some design decisions to gain a bit of a value edge, but it's not going to be massive. It's likely once again going to be a question of ""would you prefer a bit more raw performance or DLSS?""

At MSRP, the RTX 5000 cards (and hopefully also the 9700XT) are fair offers. There is no way to offer a ""proper"" generational improvement over RTX 4000 for the next few years.

The RTX 5000 rollout was awful because Nvidia wanted to rush out cards before tariffs could ruin pricing, but couldn't make enough chips before Chinese New Year slowed production down.

Board partners don't get enough new chips, leaving them with idle/inefficient manufacturing lines. They also had to massively rush production, having only a few days to test their 5090 and 5080 designs with real chips. This burdens them with cost and risks for high return rates later.
That's why it's not entirely unjustified for them to focus on expensive ""OC"" versions with higher profit margins first. Offering cards near MSRP is hardly possible for them until supply stabilises.

The supply situation is going to improve and cards will get closer to MSRP (not withstanding tariffs...). Chinese New Year is over, AI/data center demand has calmed down a bit, and production for consumer GPU chips has ramped up. Availability and prices will improve over the coming weeks and months.

The next true generational advancement is still some time out. Nvidia and AMD are not hiding some massive improvement from us for greed, but the technology and manufacturing capacities just aren't there yet.",151,pcmasterrace,tech,https://www.reddit.com/r/pcmasterrace/comments/1itnzil/me_after_watching_rtx_5070ti_reviews/,,
"I mean tons of 4060 ti 16gbs sold with the 7800XT and 7700XT pretty much demolishing it at raster and even matching it in rt[7800],maybe they just know their mindshare is impossible to grow even if they provide a good deal and just use unused wafers for gpus to make a little bit of profit and keep the rnd going for consoles.",36,pcmasterrace,tech,https://www.reddit.com/r/pcmasterrace/comments/1itnzil/me_after_watching_rtx_5070ti_reviews/,,
"My budget is around $750-800 USD to replace my 3070. Assuming the AMD cards aren't as disappointing as the RTX 5000 series, I will honestly probably buy whichever one I can get my hands on at MSRP first. The 5070ti is about 90-100% faster in rasterization than my current 3070, but the 3070 is holding up well enough that I can quite comfortably wait a few months, if necessary, to buy once the craziness has settled down.

But if the 9070xt is both available and competitive at launch, I'll probably switch back over to team red sooner rather than later, tbh",30,pcmasterrace,tech,https://www.reddit.com/r/pcmasterrace/comments/1itnzil/me_after_watching_rtx_5070ti_reviews/,,
Intel: also do something please.,14,pcmasterrace,tech,https://www.reddit.com/r/pcmasterrace/comments/1itnzil/me_after_watching_rtx_5070ti_reviews/,,
"5070 Ti totally sucks. Boo 👎

It’s basically DOA.

I don’t want any of you buying it tomorrow.

I repeat: DO NOT BUY! VERY BAD VALUE FAKE FRAMES 60 CLASS CARD IN 70 WRAPPER.

Seriously, don’t buy it. I need to finsh my build.",89,pcmasterrace,tech,https://www.reddit.com/r/pcmasterrace/comments/1itnzil/me_after_watching_rtx_5070ti_reviews/,,
Are you posting from a Microcenter line,71,pcmasterrace,tech,https://www.reddit.com/r/pcmasterrace/comments/1itnzil/me_after_watching_rtx_5070ti_reviews/,,
5070ti is trash who say equal to 4090,15,pcmasterrace,tech,https://www.reddit.com/r/pcmasterrace/comments/1itnzil/me_after_watching_rtx_5070ti_reviews/,,
"Actually jensen said 5070 is equal to 4090 not 5070ti.

/s",26,pcmasterrace,tech,https://www.reddit.com/r/pcmasterrace/comments/1itnzil/me_after_watching_rtx_5070ti_reviews/,,
"Sadly won't change a dim since the Fluogreen tadpole will not purchase Radeon GPU what ever.

Fluogreen tadpole will prefer purchasing a 4060 TI 16gb at 500 usd like million of people already did that touching a 7800 xt that is 50% faster.",55,pcmasterrace,tech,https://www.reddit.com/r/pcmasterrace/comments/1itnzil/me_after_watching_rtx_5070ti_reviews/,,
"That was surprisingly brutal from IGN. Great news for all gamers. Nvidia
 truly has grown too greedy and is now due some heavy corrections.",2735,pcmasterrace,tech,https://www.reddit.com/r/pcmasterrace/comments/1j4kuwp/amd_radeon_rx_9070_xt_review_ign/,,
90% of Nvidia's profits are from their AI server crap. I don't think they care at all. They can legitimately stop selling gaming cards and their business wouldn't see any real impact.,852,pcmasterrace,tech,https://www.reddit.com/r/pcmasterrace/comments/1j4kuwp/amd_radeon_rx_9070_xt_review_ign/,,
"I mean if I was a corporate overlord, I would sell gamer cards at a discount to use my market position to suppress competition. Earn heaps of good will for the next generation of engineers and buyers of ai tools alike.",339,pcmasterrace,tech,https://www.reddit.com/r/pcmasterrace/comments/1j4kuwp/amd_radeon_rx_9070_xt_review_ign/,,
"nVidia made 30B in 2024, so I'd say they know exactly what to do. All of their newest and previous gen card are sold out, RTX 5080 for ~1800 eur in europe are sold out, so what more would they need? Edit: I was wrong they are way above 1800, around 2000 eur.",163,pcmasterrace,tech,https://www.reddit.com/r/pcmasterrace/comments/1j4kuwp/amd_radeon_rx_9070_xt_review_ign/,,
"They are already suppressing the competition with obscene pricing.

Since everything is sold out, what difference would it make to anyone if they lowered the price? Good will? You aren’t getting one whether it’s $500 or $5000.",40,pcmasterrace,tech,https://www.reddit.com/r/pcmasterrace/comments/1j4kuwp/amd_radeon_rx_9070_xt_review_ign/,,
Shareholders don’t work that wait. Number 1? Exploit further. Why do you think health care is so expensive in the US? Shareholders.,13,pcmasterrace,tech,https://www.reddit.com/r/pcmasterrace/comments/1j4kuwp/amd_radeon_rx_9070_xt_review_ign/,,
I agree that Nvidia has fallen off but this take is really something. 10% of total profits for a business by repurposing chips they already spent R&D money on is NOT insignificant,93,pcmasterrace,tech,https://www.reddit.com/r/pcmasterrace/comments/1j4kuwp/amd_radeon_rx_9070_xt_review_ign/,,
"You need to factor that the margins they make in their AI cards are likely significantly higher than what they make on gaming card.

To the point where every gaming card they sell is very likely costing them significantly in lost profit because that production wasn't used on an enterprise grade AI card.

This means they are specifically choosing to make less profit in exchange to maintaining some semblance of market share on the gaming side as a business decision to not completely abandon that market to allow for future flexibility.",16,pcmasterrace,tech,https://www.reddit.com/r/pcmasterrace/comments/1j4kuwp/amd_radeon_rx_9070_xt_review_ign/,,
"Actually the gaming gpus are just a way for Nvidia to recycle/reuse imperfect chips. Chips that are perfect are slotted for their ai database cards
 and chips that tested lower are binned and used in the appropriate ××90,80,70, & 60 series.",31,pcmasterrace,tech,https://www.reddit.com/r/pcmasterrace/comments/1j4kuwp/amd_radeon_rx_9070_xt_review_ign/,,
Was going to say this ☝️,6,pcmasterrace,tech,https://www.reddit.com/r/pcmasterrace/comments/1j4kuwp/amd_radeon_rx_9070_xt_review_ign/,,
This is 100% true. They don't give a shit about GeForce cards it no longer drives their profit margin. However we still need them to compete as competition is the only way buyers will get better deals.,9,pcmasterrace,tech,https://www.reddit.com/r/pcmasterrace/comments/1j4kuwp/amd_radeon_rx_9070_xt_review_ign/,,
"Yup. One of the most tried and true ways to deal with a small, annoying customer your business has outgrown, but also don’t want to directly tell to fuck off, is to jack the price way up.

It’ll be a while, but Nvidia will come crawling back to gamers once they run out of growth runway in the AI space, and need to show investors there’s still room to grow the business in the gaming space.",8,pcmasterrace,tech,https://www.reddit.com/r/pcmasterrace/comments/1j4kuwp/amd_radeon_rx_9070_xt_review_ign/,,
Nobody just gives away the amount of money that their gaming cards bring in tho. They will adjust.,4,pcmasterrace,tech,https://www.reddit.com/r/pcmasterrace/comments/1j4kuwp/amd_radeon_rx_9070_xt_review_ign/,,
"Exactly what's happening. They're basically in the mode of ""if you'll pay $1500 for a $500 product, of course we'll sell it"" even if it's only a fraction of their business these days.

The risk comes with destroying your rep as a gaming GPU company and AI is a bubble that bursts. Then they're boned. Today? Literally zero 50-series could sell and they'd barely feel it.",1,pcmasterrace,tech,https://www.reddit.com/r/pcmasterrace/comments/1j4kuwp/amd_radeon_rx_9070_xt_review_ign/,,
"If they didn’t care, why do they care so much about over charging for these cards then?",1,pcmasterrace,tech,https://www.reddit.com/r/pcmasterrace/comments/1j4kuwp/amd_radeon_rx_9070_xt_review_ign/,,
"But this is what I don't understand, why do the two markets have to mix at all? Have an ai line and a consumer line.",1,pcmasterrace,tech,https://www.reddit.com/r/pcmasterrace/comments/1j4kuwp/amd_radeon_rx_9070_xt_review_ign/,,
I think consumer videocards are a great marketing and mindshare tool. That is why they build ridiculously fast 90 cards.,1,pcmasterrace,tech,https://www.reddit.com/r/pcmasterrace/comments/1j4kuwp/amd_radeon_rx_9070_xt_review_ign/,,
Yes. I'd like to switch next time I buy a graphics card but have a gsync monitor (ROG PG279Q). Would I have to buy a new monitor to go with my next card if I go AMD?,2,pcmasterrace,tech,https://www.reddit.com/r/pcmasterrace/comments/1j4kuwp/amd_radeon_rx_9070_xt_review_ign/,,
"kudos to IGN
 for calling nvidia for what they are, GREEDY POS",1305,pcmasterrace,tech,https://www.reddit.com/r/pcmasterrace/comments/1j4kuwp/amd_radeon_rx_9070_xt_review_ign/,,
"IGN bought out a charity and uses it for profit.

Let's not let them be the harbingers of good",272,pcmasterrace,tech,https://www.reddit.com/r/pcmasterrace/comments/1j4kuwp/amd_radeon_rx_9070_xt_review_ign/,,
Don’t dismiss the good either.,134,pcmasterrace,tech,https://www.reddit.com/r/pcmasterrace/comments/1j4kuwp/amd_radeon_rx_9070_xt_review_ign/,,
Can you give us some deets? Or a link?,6,pcmasterrace,tech,https://www.reddit.com/r/pcmasterrace/comments/1j4kuwp/amd_radeon_rx_9070_xt_review_ign/,,
IGN bought Humble Bundle. Idk if Humble Bundle was non profit before getting bought though,12,pcmasterrace,tech,https://www.reddit.com/r/pcmasterrace/comments/1j4kuwp/amd_radeon_rx_9070_xt_review_ign/,,
"I’m really scared it’s going to instantly sell out tomorrow and be scalped/price hiked almost immediately.

Like I already missed out on a 4080 super
 because I had to return mine and then the 50 series was announced, but with how good this looks compared to Nvidia’s last two gens and the price per performance has me interested and I just know how it’s going to go down.

Good luck to everyone waiting at stores to get one.

I’m probably going to wait until July myself to get one once the hype has died down.",177,pcmasterrace,tech,https://www.reddit.com/r/pcmasterrace/comments/1j4kuwp/amd_radeon_rx_9070_xt_review_ign/,,
"If this is accurate, that really shouldn’t be a problem.",153,pcmasterrace,tech,https://www.reddit.com/r/pcmasterrace/comments/1j4kuwp/amd_radeon_rx_9070_xt_review_ign/,,
And keep in mind thats just one retail location. I presume big online retailers have thousands in hand to ship.,54,pcmasterrace,tech,https://www.reddit.com/r/pcmasterrace/comments/1j4kuwp/amd_radeon_rx_9070_xt_review_ign/,,
"Will be interesting to see how things go down, and maybe this comment will age like milk, but: I think you’ll be ok to get one tomorrow, especially if US or EU based, where the card stock levels are best described as “comical” compared to team greens drip feed. Also, you’re not fighting hoards of AI users who favor Nvidia GPUs, and remember that AMD still has a marketing battle to fight out with Nvidia. Team green has a ton of momentum with the more casual gaming crowd who don’t follow hardware as closely, so there is hopefully not going to be as much a run on these cards.

And as a 4080S owner myself: sorry to hear you missed out on it (it is indeed a solid card, love mine) BUT being setup to get basically the same performance for way less money is a hell of a silver lining. I’d 100% be buying the 9070XT instead of a 40/5080 if I were in the market right now. I have zero fomo for the 5 series cards but am indeed a tinge jealous of the amazing deal the 9070XT represents.

PS: if in the US, Id try to snag a card as MSRP now, before tariffs kick in.",4,pcmasterrace,tech,https://www.reddit.com/r/pcmasterrace/comments/1j4kuwp/amd_radeon_rx_9070_xt_review_ign/,,
alas. this has aged much like milk.,9,pcmasterrace,tech,https://www.reddit.com/r/pcmasterrace/comments/1j4kuwp/amd_radeon_rx_9070_xt_review_ign/,,
Well it's tomorrow now .... this fucking sucks,2,pcmasterrace,tech,https://www.reddit.com/r/pcmasterrace/comments/1j4kuwp/amd_radeon_rx_9070_xt_review_ign/,,
Here after it was out of stock literally the millisecond it was available. Just decided to upgrade my 4060 to a 7800 XT instead and get a new psu as well for the same as the AIB markup prices on the 9070.,1,pcmasterrace,tech,https://www.reddit.com/r/pcmasterrace/comments/1j4kuwp/amd_radeon_rx_9070_xt_review_ign/,,
Retailers already confirmed that the MSRP is fake and AMD is covering the price difference on the first batch of GPUs.,0,pcmasterrace,tech,https://www.reddit.com/r/pcmasterrace/comments/1j4kuwp/amd_radeon_rx_9070_xt_review_ign/,,
"Appreciated it doesn't help you, but I was able to get one about 6 hours after the UK launch with no problems",0,pcmasterrace,tech,https://www.reddit.com/r/pcmasterrace/comments/1j4kuwp/amd_radeon_rx_9070_xt_review_ign/,,
Go team Red. Glad to see some serious competition to the big green monster in the pc gaming market.,317,pcmasterrace,tech,https://www.reddit.com/r/pcmasterrace/comments/1j4kuwp/amd_radeon_rx_9070_xt_review_ign/,,
No problem maxing out ANY game in 4k even with ray tracing? Are they sure about that? It's a great card but let's be real here.,382,pcmasterrace,tech,https://www.reddit.com/r/pcmasterrace/comments/1j4kuwp/amd_radeon_rx_9070_xt_review_ign/,,
"Well you can max out any game, but you won't always have frames...",36,pcmasterrace,tech,https://www.reddit.com/r/pcmasterrace/comments/1j4kuwp/amd_radeon_rx_9070_xt_review_ign/,,
"Well, I think it's fair to say that considering that even the 5090 can't max out any game in 4k, so enabling upscaling is kind of an obvious given here (unless somehow AMD made a $600 GPU better than a same-year $2000 one, but come on lmao)",156,pcmasterrace,tech,https://www.reddit.com/r/pcmasterrace/comments/1j4kuwp/amd_radeon_rx_9070_xt_review_ign/,,
with FSR4/3 yes just like the 4080 series,44,pcmasterrace,tech,https://www.reddit.com/r/pcmasterrace/comments/1j4kuwp/amd_radeon_rx_9070_xt_review_ign/,,
Definitely not any game,82,pcmasterrace,tech,https://www.reddit.com/r/pcmasterrace/comments/1j4kuwp/amd_radeon_rx_9070_xt_review_ign/,,
"No idea why they stated that. Takes a dump on a decent review. That gulf in performance isn't something that driver maturity is going to overcome. That said. Solid card at a good SRP. Very well-timed release. I hope that this is the start of a positive trajectory, given we're all being taken for a ride by AI company Nvidia.",23,pcmasterrace,tech,https://www.reddit.com/r/pcmasterrace/comments/1j4kuwp/amd_radeon_rx_9070_xt_review_ign/,,
"What is Q upscaling? Also, 5 fps in Indiana Jones? Lmao",1,pcmasterrace,tech,https://www.reddit.com/r/pcmasterrace/comments/1j4kuwp/amd_radeon_rx_9070_xt_review_ign/,,
It means they are using DLSS/FSR in Quality mode.,1,pcmasterrace,tech,https://www.reddit.com/r/pcmasterrace/comments/1j4kuwp/amd_radeon_rx_9070_xt_review_ign/,,
I mean it's not like they are playable on any cards there anyway with those settings...,1,pcmasterrace,tech,https://www.reddit.com/r/pcmasterrace/comments/1j4kuwp/amd_radeon_rx_9070_xt_review_ign/,,
Seriously this chart doesn't really tell me anything but Ray tracing is not going to be used by most users. Not even 30 fps? I think I'll just play on high,3,pcmasterrace,tech,https://www.reddit.com/r/pcmasterrace/comments/1j4kuwp/amd_radeon_rx_9070_xt_review_ign/,,
"Completely unrelated but why do people say ""series"" with specific GPUs? It's the 4000 series.",15,pcmasterrace,tech,https://www.reddit.com/r/pcmasterrace/comments/1j4kuwp/amd_radeon_rx_9070_xt_review_ign/,,
The 4080 series includes the Super - it's two cards.,18,pcmasterrace,tech,https://www.reddit.com/r/pcmasterrace/comments/1j4kuwp/amd_radeon_rx_9070_xt_review_ign/,,
I usually say class if it's a specific model.,15,pcmasterrace,tech,https://www.reddit.com/r/pcmasterrace/comments/1j4kuwp/amd_radeon_rx_9070_xt_review_ign/,,
Path tracing is still totally unplayable on the new AMD cards,2,pcmasterrace,tech,https://www.reddit.com/r/pcmasterrace/comments/1j4kuwp/amd_radeon_rx_9070_xt_review_ign/,,
"Indiana jones music plays in the background …

The great circle eats cards",8,pcmasterrace,tech,https://www.reddit.com/r/pcmasterrace/comments/1j4kuwp/amd_radeon_rx_9070_xt_review_ign/,,
"30 FPS in Black Myth Monkey Business which technically gets playable with frame gen and a display with a lower Freesync limit of 40hz

I wouldn't play it like that, neither would you, but hey it's ""cinematic""",1,pcmasterrace,tech,https://www.reddit.com/r/pcmasterrace/comments/1j4kuwp/amd_radeon_rx_9070_xt_review_ign/,,
IGN isn't trusted until it says what you want it to say about a product you like lol.,1,pcmasterrace,tech,https://www.reddit.com/r/pcmasterrace/comments/1j4kuwp/amd_radeon_rx_9070_xt_review_ign/,,
"It will max out any game, but some wont be a good experience...

They phrase should be: ""it will play any game at 4K with good settings"" or something like that.",0,pcmasterrace,tech,https://www.reddit.com/r/pcmasterrace/comments/1j4kuwp/amd_radeon_rx_9070_xt_review_ign/,,
"The absolute last source I would go to for GPU news, but I agree based on the information available.",53,pcmasterrace,tech,https://www.reddit.com/r/pcmasterrace/comments/1j4kuwp/amd_radeon_rx_9070_xt_review_ign/,,
"""max out any game at 4k even with RT enabled"" really? Heck even the 5090 can't do that on some titles without running on potatoe frames. I dont understand why people swing to one extreme or the other. Either they are hardcore hatin or hardcore lovin",73,pcmasterrace,tech,https://www.reddit.com/r/pcmasterrace/comments/1j4kuwp/amd_radeon_rx_9070_xt_review_ign/,,
"Yes, the card is good, but that's a straight up lie. 9070XT is already struggling with 1440p in some of the lastest games with maxed RT, let alone 4K.",40,pcmasterrace,tech,https://www.reddit.com/r/pcmasterrace/comments/1j4kuwp/amd_radeon_rx_9070_xt_review_ign/,,
Oof that is jarring to see,18,pcmasterrace,tech,https://www.reddit.com/r/pcmasterrace/comments/1j4kuwp/amd_radeon_rx_9070_xt_review_ign/,,
I mean its still a huge uplift compared to last gen AMD cards but yeah ign is talking crap here,18,pcmasterrace,tech,https://www.reddit.com/r/pcmasterrace/comments/1j4kuwp/amd_radeon_rx_9070_xt_review_ign/,,
"These are the 2 specific outliers TBF, both path traced games - the 9070 xt does struggle with path tracing. Raytracing, however, it fares much much better.",10,pcmasterrace,tech,https://www.reddit.com/r/pcmasterrace/comments/1j4kuwp/amd_radeon_rx_9070_xt_review_ign/,,
"I think it may be true with frame gen, though? With FSR 4.0 on can it do fill RT and get 40fps at 4k?",-3,pcmasterrace,tech,https://www.reddit.com/r/pcmasterrace/comments/1j4kuwp/amd_radeon_rx_9070_xt_review_ign/,,
"Agree with the score, but ""Maxing out any game you throw at it at 4K even with RT"" this part is pure bs.

Good for calling out Nvidia.

9070xt start to showing up at store where I live and their price is less than that of a 5070, like 10-15% cheaper. Wtf Nvidia, control your board partner and reseller pls.",153,pcmasterrace,tech,https://www.reddit.com/r/pcmasterrace/comments/1j4kuwp/amd_radeon_rx_9070_xt_review_ign/,,
I heard Nvidia is squeezing board partners more and more each generation and making them cut their margins. Maybe it’s a way for them to up GPU revenue per sale?,13,pcmasterrace,tech,https://www.reddit.com/r/pcmasterrace/comments/1j4kuwp/amd_radeon_rx_9070_xt_review_ign/,,
"Controlling the resellers would be cartelbehaviour right? :p I think the real issue here is the stupid paper launch where they delivered only a handful of cards per country. To make it even worse. Even the freaking very few that came out have horrible QC where they catch fire, again…., or even miss things (ROPs). Honestly a disgrace. Then I didn’t even get into the low generational uplift and massive price hike that they try to excuse for AI grunt gamers aren’t asking for!",3,pcmasterrace,tech,https://www.reddit.com/r/pcmasterrace/comments/1j4kuwp/amd_radeon_rx_9070_xt_review_ign/,,
"I can't believe this sub is updooting IGN posts now, this was clearly a pretty lazy review with a comment like that",-1,pcmasterrace,tech,https://www.reddit.com/r/pcmasterrace/comments/1j4kuwp/amd_radeon_rx_9070_xt_review_ign/,,
"Not a criticism of the 9070, but lol@ the IGN 10/10,",56,pcmasterrace,tech,https://www.reddit.com/r/pcmasterrace/comments/1j4kuwp/amd_radeon_rx_9070_xt_review_ign/,,
"Yeah, no 7/10 meme? IGN has lost its ways.",30,pcmasterrace,tech,https://www.reddit.com/r/pcmasterrace/comments/1j4kuwp/amd_radeon_rx_9070_xt_review_ign/,,
IGN reviewing hardware is like a baker reviewing a sushi restaurant.,46,pcmasterrace,tech,https://www.reddit.com/r/pcmasterrace/comments/1j4kuwp/amd_radeon_rx_9070_xt_review_ign/,,
"They can’t even review games properly and that’s supposed to be their area of expertise, you’re out of your mind if you think I’m going to take a GPU review from them seriously",8,pcmasterrace,tech,https://www.reddit.com/r/pcmasterrace/comments/1j4kuwp/amd_radeon_rx_9070_xt_review_ign/,,
"They are being sold at around 950 USD here in India by official sellers.

These fuckers were the scalpers even during the Covid times, they still are. They are selling the 5070 Ti for absurd rates.",26,pcmasterrace,tech,https://www.reddit.com/r/pcmasterrace/comments/1j4kuwp/amd_radeon_rx_9070_xt_review_ign/,,
"Brazillian here,i feel your pain brother.",5,pcmasterrace,tech,https://www.reddit.com/r/pcmasterrace/comments/1j4kuwp/amd_radeon_rx_9070_xt_review_ign/,,
"I've heard you guys have it worse than us.

We live in countries where we can't earn that much and still have to pay more for these products.",3,pcmasterrace,tech,https://www.reddit.com/r/pcmasterrace/comments/1j4kuwp/amd_radeon_rx_9070_xt_review_ign/,,
"Just order one from the US, it can’t possibly cost $350 to ship a GPU across the pond",2,pcmasterrace,tech,https://www.reddit.com/r/pcmasterrace/comments/1j4kuwp/amd_radeon_rx_9070_xt_review_ign/,,
"oh the indian customs will take double of the shipment, and you cant be able to do anything",0,pcmasterrace,tech,https://www.reddit.com/r/pcmasterrace/comments/1j4kuwp/amd_radeon_rx_9070_xt_review_ign/,,
"Yeah look, I like that AMD are stepping up but to say these cards can max out any game at 4K is already a stretch, but to then also add that it can do it with RT enabled is just outright FALSE",8,pcmasterrace,tech,https://www.reddit.com/r/pcmasterrace/comments/1j4kuwp/amd_radeon_rx_9070_xt_review_ign/,,
"That paragraph's a little exaggerated, but I'm all for it. It's rare that I like something IGN puts out from their own writing, yet every so often it does happen, and here we are with one of them. They're the kind of media that's going to reach a wider, not necessarily tech savvy audience, and let them actually find out AMD finally got one right this time.

Let's hope AMD is on it providing that stock, because they're about to have some demand for once it seems.",6,pcmasterrace,tech,https://www.reddit.com/r/pcmasterrace/comments/1j4kuwp/amd_radeon_rx_9070_xt_review_ign/,,
"As much as it is a good gpu, the 4k maxed with RT is an overstatement tbh.

It should be very good for 4k high/mixed + RT tho, to mantain good fps",3,pcmasterrace,tech,https://www.reddit.com/r/pcmasterrace/comments/1j4kuwp/amd_radeon_rx_9070_xt_review_ign/,,
In my EU country it is listing at 1285 eur for xt model,3,pcmasterrace,tech,https://www.reddit.com/r/pcmasterrace/comments/1j4kuwp/amd_radeon_rx_9070_xt_review_ign/,,
LUL at the people reading IGN.,3,pcmasterrace,tech,https://www.reddit.com/r/pcmasterrace/comments/1j4kuwp/amd_radeon_rx_9070_xt_review_ign/,,
"Since when do we trust IGN for hardware, or any reviews?",3,pcmasterrace,tech,https://www.reddit.com/r/pcmasterrace/comments/1j4kuwp/amd_radeon_rx_9070_xt_review_ign/,,
"600$ Masterpiece, 1000$ complete disaster",4,pcmasterrace,tech,https://www.reddit.com/r/pcmasterrace/comments/1j4kuwp/amd_radeon_rx_9070_xt_review_ign/,,
They've just dropped in the UK....managed to snag a Sapphire Radeon RX 9070 XT PURE....lets go,2,pcmasterrace,tech,https://www.reddit.com/r/pcmasterrace/comments/1j4kuwp/amd_radeon_rx_9070_xt_review_ign/,,
"""The AMD Radeon RX 9070 XT is a $599 graphics card that trades blows with the $749 GeForce RTX 5070 Ti.""

The article does not mention, even once, the elephant in the room (four elephants). You can not find those cards anywhere close to MSRP prices.",2,pcmasterrace,tech,https://www.reddit.com/r/pcmasterrace/comments/1j4kuwp/amd_radeon_rx_9070_xt_review_ign/,,
"It’s only a good GPU at $600, but based on what we’re seeing already, most cards will be $100-$250 above MSRP. These cards were also shipped in and stocked before any tariffs took effect. They’re just exploiting the fact that tariffs are common knowledge right now to rip the consumers off.",4,pcmasterrace,tech,https://www.reddit.com/r/pcmasterrace/comments/1j4kuwp/amd_radeon_rx_9070_xt_review_ign/,,
microcenter as of 9:23am eastern time,2,pcmasterrace,tech,https://www.reddit.com/r/pcmasterrace/comments/1j4kuwp/amd_radeon_rx_9070_xt_review_ign/,,
There are multiple screenshots of Microcenter stock at msrp. Its not released in my country yet so I can’t check ours.,2,pcmasterrace,tech,https://www.reddit.com/r/pcmasterrace/comments/1j4kuwp/amd_radeon_rx_9070_xt_review_ign/,,
"Nah this card is bullshit

Its 900$ not 599$",3,pcmasterrace,tech,https://www.reddit.com/r/pcmasterrace/comments/1j4kuwp/amd_radeon_rx_9070_xt_review_ign/,,
Is it bad that I still want a 5070ti for the better RT performance and transformer denoising? I'm hoping that this card forces Nvidia to drop 50 series prices. I'm not buying any GPU at anything more than a $50 markup on MSRP.,3,pcmasterrace,tech,https://www.reddit.com/r/pcmasterrace/comments/1j4kuwp/amd_radeon_rx_9070_xt_review_ign/,,
The review read like one of their great game reviews. Return to form!,1,pcmasterrace,tech,https://www.reddit.com/r/pcmasterrace/comments/1j4kuwp/amd_radeon_rx_9070_xt_review_ign/,,
Nvidia won't be dropping anything with the way the prices looked for the 9070xt today. Most well over $700 and some over $800.,0,pcmasterrace,tech,https://www.reddit.com/r/pcmasterrace/comments/1j4kuwp/amd_radeon_rx_9070_xt_review_ign/,,
"Yeah I’m not planning to buy a card until later in the year anyways, there’s no rush.",1,pcmasterrace,tech,https://www.reddit.com/r/pcmasterrace/comments/1j4kuwp/amd_radeon_rx_9070_xt_review_ign/,,
i might buy this card,4,pcmasterrace,tech,https://www.reddit.com/r/pcmasterrace/comments/1j4kuwp/amd_radeon_rx_9070_xt_review_ign/,,
pc gaming wouldn't look like that if you weren't meat riding,1,pcmasterrace,tech,https://www.reddit.com/r/pcmasterrace/comments/1j4kuwp/amd_radeon_rx_9070_xt_review_ign/,,
"That is a 16GB 1440p card, certainly good enough for 1440 ultrawide, but any game maxed out at 4k? I guess if you use upscaling (4090 performance for $550?) it should handle it...",1,pcmasterrace,tech,https://www.reddit.com/r/pcmasterrace/comments/1j4kuwp/amd_radeon_rx_9070_xt_review_ign/,,
Sold out in less than 1 min and up on ebay in 10 mins. for twice the price,1,pcmasterrace,tech,https://www.reddit.com/r/pcmasterrace/comments/1j4kuwp/amd_radeon_rx_9070_xt_review_ign/,,
"I have a 3080 and I've only ever owned Nvidia cards, but I want to switch as I mainly play on 4K only now, only thing is I'm very use to using DLSS on Nvidia cards.. will FSR work the same way as DLSS? And can someone provide me with a decent comparison between dlss and fsr that isn't outdated?",1,pcmasterrace,tech,https://www.reddit.com/r/pcmasterrace/comments/1j4kuwp/amd_radeon_rx_9070_xt_review_ign/,,
Who cares what Ja Rue thinks at a time like this!,1,pcmasterrace,tech,https://www.reddit.com/r/pcmasterrace/comments/1j4kuwp/amd_radeon_rx_9070_xt_review_ign/,,
1000 Euro's for the card here.,1,pcmasterrace,tech,https://www.reddit.com/r/pcmasterrace/comments/1j4kuwp/amd_radeon_rx_9070_xt_review_ign/,,
"Ordered mine at midnight, it's on its way 🎉",1,pcmasterrace,tech,https://www.reddit.com/r/pcmasterrace/comments/1j4kuwp/amd_radeon_rx_9070_xt_review_ign/,,
"Was gonna buy AMD this time around out of principle anyway, good thing the cards are actually good. Just very into old titles (new vegas etc.) and I hear amd both cpu and gpu don't play well with old games. Maybe it's not true.",1,pcmasterrace,tech,https://www.reddit.com/r/pcmasterrace/comments/1j4kuwp/amd_radeon_rx_9070_xt_review_ign/,,
No problem with 4K Ray Tracing is a reach,1,pcmasterrace,tech,https://www.reddit.com/r/pcmasterrace/comments/1j4kuwp/amd_radeon_rx_9070_xt_review_ign/,,
"Wow.

I hope this really is the Ryzen moment for Radeon and they gain enough of a foothold and market share.

I almost discounted them after hearing they were giving up on the high end/enthusiast cards for this gen but seems like they've managed to do the impossible.",1,pcmasterrace,tech,https://www.reddit.com/r/pcmasterrace/comments/1j4kuwp/amd_radeon_rx_9070_xt_review_ign/,,
10/10 with 16GB is a little too much IMO. Even at the MSRP no one can get.,1,pcmasterrace,tech,https://www.reddit.com/r/pcmasterrace/comments/1j4kuwp/amd_radeon_rx_9070_xt_review_ign/,,
Epic IGN win,1,pcmasterrace,tech,https://www.reddit.com/r/pcmasterrace/comments/1j4kuwp/amd_radeon_rx_9070_xt_review_ign/,,
Finally a card I can afford! 2026 here I come!,1,pcmasterrace,tech,https://www.reddit.com/r/pcmasterrace/comments/1j4kuwp/amd_radeon_rx_9070_xt_review_ign/,,
Sadly the stores/retailers won't respect MSRP at all. Not even close.,1,pcmasterrace,tech,https://www.reddit.com/r/pcmasterrace/comments/1j4kuwp/amd_radeon_rx_9070_xt_review_ign/,,
microcenter has many options at 600,2,pcmasterrace,tech,https://www.reddit.com/r/pcmasterrace/comments/1j4kuwp/amd_radeon_rx_9070_xt_review_ign/,,
IGN is trash,1,pcmasterrace,tech,https://www.reddit.com/r/pcmasterrace/comments/1j4kuwp/amd_radeon_rx_9070_xt_review_ign/,,
"Nvidia is making themselves look greedy without any help from AMD or anyone else.

I am a lifelong Nvidia buyer but my most recent gpu upgrade a few years ago was a 6950XT. This alone speaks volumes. When loyal fans are willing to consider alternatives, that means you f****d up!",1,pcmasterrace,tech,https://www.reddit.com/r/pcmasterrace/comments/1j4kuwp/amd_radeon_rx_9070_xt_review_ign/,,
If IGN says so it's probably not true.,1,pcmasterrace,tech,https://www.reddit.com/r/pcmasterrace/comments/1j4kuwp/amd_radeon_rx_9070_xt_review_ign/,,
author sounds like she's pissed at nvidia because she couldn't get a card. I lol'd when it said the 9070xt does better in wukong,1,pcmasterrace,tech,https://www.reddit.com/r/pcmasterrace/comments/1j4kuwp/amd_radeon_rx_9070_xt_review_ign/,,
"I mean its like 5 fps off a 5070 TI in 4k without RT obviously, definitely better than a normal 5070 though.",1,pcmasterrace,tech,https://www.reddit.com/r/pcmasterrace/comments/1j4kuwp/amd_radeon_rx_9070_xt_review_ign/,,
"“PC gaming has been in a decadent spiral since 2020 (which we’ve heavily contributed to, sorry.)”

Fixed it for you IGN(orant mfs)",1,pcmasterrace,tech,https://www.reddit.com/r/pcmasterrace/comments/1j4kuwp/amd_radeon_rx_9070_xt_review_ign/,,
"IGN is usually despicable, but if they jump on the bandwagon of being ""pro consumer"", can't really say negative things about them. Players and even the rotten ""media"", joining forces to improve the market, almost utopic",1,pcmasterrace,tech,https://www.reddit.com/r/pcmasterrace/comments/1j4kuwp/amd_radeon_rx_9070_xt_review_ign/,,
Please AMD just release a 24/32 GB version you have to,0,pcmasterrace,tech,https://www.reddit.com/r/pcmasterrace/comments/1j4kuwp/amd_radeon_rx_9070_xt_review_ign/,,
I don’t like those lying article titles just to get more clicks.,-2,pcmasterrace,tech,https://www.reddit.com/r/pcmasterrace/comments/1j4kuwp/amd_radeon_rx_9070_xt_review_ign/,,
"""AMD Radeon RX 9070 XT Review"" heinous clickbait",9,pcmasterrace,tech,https://www.reddit.com/r/pcmasterrace/comments/1j4kuwp/amd_radeon_rx_9070_xt_review_ign/,,
Will ign now become more trustworthy?,-1,pcmasterrace,tech,https://www.reddit.com/r/pcmasterrace/comments/1j4kuwp/amd_radeon_rx_9070_xt_review_ign/,,
Where can I buy this card? About to do a new build.,0,pcmasterrace,tech,https://www.reddit.com/r/pcmasterrace/comments/1j4kuwp/amd_radeon_rx_9070_xt_review_ign/,,
New egg or best buy. But the $600 models they have are sold out. The starting price is around $700.,1,pcmasterrace,tech,https://www.reddit.com/r/pcmasterrace/comments/1j4kuwp/amd_radeon_rx_9070_xt_review_ign/,,
"Hope this helps to restrain nVidia's pricing (can always hope, ha), good to have real competition for a change. 60-series is most likely my next GPU upgrade, would rather not get a 6080 or 6090 without selling a kidney. ;)",0,pcmasterrace,tech,https://www.reddit.com/r/pcmasterrace/comments/1j4kuwp/amd_radeon_rx_9070_xt_review_ign/,,
"As much as it is nVidia's greed, they are in business to do exactly that, increase profits for the shareholders....even if it is to the detriment of everyone else. It's also discouraging that the market will satiate that greed by paying their prices, thus encouraging even more excessive profiteering. Until the AI bubble bursts or when their is a direct competitor that is capable of doing so, expect prices to increase (on top of the orange man effect).

corporations are not your friends. its a transaction, and they have most of the power right now :(

This is what happens when a market of 4-5 competitors gos down to a duopoly......",0,pcmasterrace,tech,https://www.reddit.com/r/pcmasterrace/comments/1j4kuwp/amd_radeon_rx_9070_xt_review_ign/,,
Now people need to buy them instead of fake complaining about drivers and that special Nvidia feature no one actually gives a fuck about.,0,pcmasterrace,tech,https://www.reddit.com/r/pcmasterrace/comments/1j4kuwp/amd_radeon_rx_9070_xt_review_ign/,,
"damn this card must slaps on linux, im very tempted to switch from my ""new"" one year card 6800",0,pcmasterrace,tech,https://www.reddit.com/r/pcmasterrace/comments/1j4kuwp/amd_radeon_rx_9070_xt_review_ign/,,
"Awesome review.

Well done IGN!",-2,pcmasterrace,tech,https://www.reddit.com/r/pcmasterrace/comments/1j4kuwp/amd_radeon_rx_9070_xt_review_ign/,,
Rare IGN W.,-2,pcmasterrace,tech,https://www.reddit.com/r/pcmasterrace/comments/1j4kuwp/amd_radeon_rx_9070_xt_review_ign/,,
"Wait, can it do the latest games at 4k rt on full/path tracing 60fps (that is what this titles seems to say)?

I thought it was more of a 1440p card?

That would be pretty amazing considering how 'cheap' it is.",-1,pcmasterrace,tech,https://www.reddit.com/r/pcmasterrace/comments/1j4kuwp/amd_radeon_rx_9070_xt_review_ign/,,
Absolutely not. It's not even as powerful as a 4080,2,pcmasterrace,tech,https://www.reddit.com/r/pcmasterrace/comments/1j4kuwp/amd_radeon_rx_9070_xt_review_ign/,,
People better buy these cards. People asked for competition and it's here. Price decreases for competition to buy cheaper Nvidia cards are gone.,-1,pcmasterrace,tech,https://www.reddit.com/r/pcmasterrace/comments/1j4kuwp/amd_radeon_rx_9070_xt_review_ign/,,
"Amd is just so dääm dope! Shit ray tray and all, my 4k oled is going shine with this one🥰",-1,pcmasterrace,tech,https://www.reddit.com/r/pcmasterrace/comments/1j4kuwp/amd_radeon_rx_9070_xt_review_ign/,,
"How old are you?

It's a fairly standard office machine, kind of entry level I guess.

You won't be able to play AAA games on max, but you could play League, and probably some RL, if you play on low settings.

Some Counter Strike would be fine too.

What do you think you might want to do?",74,laptops,tech,https://www.reddit.com/r/laptops/comments/1wd1243/i_just_got_this_laptop_for_my_birthday_how_good/,,
"Solid summary of what it can handle. For $500 on an OmniBook 3, it's a decent gift for schoolwork and light gaming, no need to return it",16,laptops,tech,https://www.reddit.com/r/laptops/comments/1wd1243/i_just_got_this_laptop_for_my_birthday_how_good/,,
"I could see some team fortress 2, Minecraft, CS:GO (which no longer exists), and other 15+ year old games.",1,laptops,tech,https://www.reddit.com/r/laptops/comments/1wd1243/i_just_got_this_laptop_for_my_birthday_how_good/,,
"They ditched GO? I never played it.

Source still going?

I guess if not then the cracked 1.6 servers it is...",1,laptops,tech,https://www.reddit.com/r/laptops/comments/1wd1243/i_just_got_this_laptop_for_my_birthday_how_good/,,
"This is integrated graphic cpu, latest cs2 won't run on this.",0,laptops,tech,https://www.reddit.com/r/laptops/comments/1wd1243/i_just_got_this_laptop_for_my_birthday_how_good/,,
There's a lot more than just CS2.,1,laptops,tech,https://www.reddit.com/r/laptops/comments/1wd1243/i_just_got_this_laptop_for_my_birthday_how_good/,,
Your dog really really really liked you,1,laptops,tech,https://www.reddit.com/r/laptops/comments/1wd1243/i_just_got_this_laptop_for_my_birthday_how_good/,,
"It's not bad for something purchased at retail for $500. Can use another stick of 8gb ram-- but it has a relatively modern CPU and is from a legitimate brand.

Like most non-gaming laptops with integrated graphics, the gaming capabilities are limited. So, just casual games. You can always look up required specs for whatever you actually want to run.

Overall, your grandparents did a lot better than most people would have with this budget. Depends on where they purchased it, there is a good chance none of their other options at the same price range will be as good.

Will your grandparents be sad if you were to return/exchange it?",22,laptops,tech,https://www.reddit.com/r/laptops/comments/1wd1243/i_just_got_this_laptop_for_my_birthday_how_good/,,
Another stick of ddr5 8gb RAM is $300,2,laptops,tech,https://www.reddit.com/r/laptops/comments/1wd1243/i_just_got_this_laptop_for_my_birthday_how_good/,,
8gb DDR5 SODIMM laptop Samsung ram is $150 on Amazon new,2,laptops,tech,https://www.reddit.com/r/laptops/comments/1wd1243/i_just_got_this_laptop_for_my_birthday_how_good/,,
Its a great present and your grandparents love you,1156,laptops,tech,https://www.reddit.com/r/laptops/comments/1wd1243/i_just_got_this_laptop_for_my_birthday_how_good/,,
This is the only answer,246,laptops,tech,https://www.reddit.com/r/laptops/comments/1wd1243/i_just_got_this_laptop_for_my_birthday_how_good/,,
"Also known as, don't look a gift horse in the mouth.",47,laptops,tech,https://www.reddit.com/r/laptops/comments/1wd1243/i_just_got_this_laptop_for_my_birthday_how_good/,,
"And he can use the ai to look up what that means.

Its a great heartfelt gift from grandparents. And will do well until he needs to buy what he knows he needs himself.",16,laptops,tech,https://www.reddit.com/r/laptops/comments/1wd1243/i_just_got_this_laptop_for_my_birthday_how_good/,,
a regular search engine will do that fine.,1,laptops,tech,https://www.reddit.com/r/laptops/comments/1wd1243/i_just_got_this_laptop_for_my_birthday_how_good/,,
Unless it’s a Trojan gift horse then definitely check the mouth. Especially if your grandparents run the traveling carnival.,2,laptops,tech,https://www.reddit.com/r/laptops/comments/1wd1243/i_just_got_this_laptop_for_my_birthday_how_good/,,
That horse died because of rotten teeth.,1,laptops,tech,https://www.reddit.com/r/laptops/comments/1wd1243/i_just_got_this_laptop_for_my_birthday_how_good/,,
"Let me guess, you are from czechia by that saying 😂",0,laptops,tech,https://www.reddit.com/r/laptops/comments/1wd1243/i_just_got_this_laptop_for_my_birthday_how_good/,,
"And if you really need something better to get a specific job done, then you can get it - or a desktop.",37,laptops,tech,https://www.reddit.com/r/laptops/comments/1wd1243/i_just_got_this_laptop_for_my_birthday_how_good/,,
He seams greateful just un educated on computers and simply asking how good a gift he was indeed not expecting is,10,laptops,tech,https://www.reddit.com/r/laptops/comments/1wd1243/i_just_got_this_laptop_for_my_birthday_how_good/,,
It's* a great present,0,laptops,tech,https://www.reddit.com/r/laptops/comments/1wd1243/i_just_got_this_laptop_for_my_birthday_how_good/,,
..ok?,1,laptops,tech,https://www.reddit.com/r/laptops/comments/1wd1243/i_just_got_this_laptop_for_my_birthday_how_good/,,
I think they might be asking about its' performance.,0,laptops,tech,https://www.reddit.com/r/laptops/comments/1wd1243/i_just_got_this_laptop_for_my_birthday_how_good/,,
"It strongly depends on what you plan to use a laptop for. you mention games, you can easily play most casual games but anything even remotely triple a will stress it out.

I don't like the 8GB of RAM but what can you do, it's 2026 with the ram crisis. the thing that gives me hope is that it specifically states sodimms so there's a possibility of an upgrade down the line.

for most tasks this is plenty adequate, it's only when you try to do intensive things that this will feel sluggish.",293,laptops,tech,https://www.reddit.com/r/laptops/comments/1wd1243/i_just_got_this_laptop_for_my_birthday_how_good/,,
"SODIMM, so it's upgradable.",61,laptops,tech,https://www.reddit.com/r/laptops/comments/1wd1243/i_just_got_this_laptop_for_my_birthday_how_good/,,
"i will sell SODIMM 64gb ddr5 soon, in case if he needs some",21,laptops,tech,https://www.reddit.com/r/laptops/comments/1wd1243/i_just_got_this_laptop_for_my_birthday_how_good/,,
building a retirement pot?,23,laptops,tech,https://www.reddit.com/r/laptops/comments/1wd1243/i_just_got_this_laptop_for_my_birthday_how_good/,,
"Not many laptop can use so much RAM.

I'm looking at retiring a laptop maxed at 64 GB (2x32) to get a laptop with 96 (2x48) or 128 GB (2x64). There are very few options available.

The previous laptop had a max of 48 GB.

The one before had a max of 32 GB (2x16)

But almost all laptops with SODIMM can use 8+8, 16, 8+16 (soldered + module), 16+16. So most that has at least one SODIMM can get at least 16, 24 or 32 GB total RAM.",3,laptops,tech,https://www.reddit.com/r/laptops/comments/1wd1243/i_just_got_this_laptop_for_my_birthday_how_good/,,
It will cost more than the laptop to do it.,9,laptops,tech,https://www.reddit.com/r/laptops/comments/1wd1243/i_just_got_this_laptop_for_my_birthday_how_good/,,
"Logical, the laptop was free",23,laptops,tech,https://www.reddit.com/r/laptops/comments/1wd1243/i_just_got_this_laptop_for_my_birthday_how_good/,,
"considering the laptop was free, it's pretty negligible.",6,laptops,tech,https://www.reddit.com/r/laptops/comments/1wd1243/i_just_got_this_laptop_for_my_birthday_how_good/,,
"Today yes, but maybe not in a year or two.",2,laptops,tech,https://www.reddit.com/r/laptops/comments/1wd1243/i_just_got_this_laptop_for_my_birthday_how_good/,,
"im from uk so used goes for £450-500. Mine is Kingston fury impact 64gb ddr5 - 5600mhz. Since im already placed order for 9850x3d i wont need SODIMM memory instead i have ordered proper desktop one. so just in case, if he needs RAM, im happy to sell it",1,laptops,tech,https://www.reddit.com/r/laptops/comments/1wd1243/i_just_got_this_laptop_for_my_birthday_how_good/,,
It's soldered RAM so no upgrade.,1,laptops,tech,https://www.reddit.com/r/laptops/comments/1wd1243/i_just_got_this_laptop_for_my_birthday_how_good/,,
the box clearly states sodimm,67,laptops,tech,https://www.reddit.com/r/laptops/comments/1wd1243/i_just_got_this_laptop_for_my_birthday_how_good/,,
"I agree that’s what the box says, but the user manual for that model says memory is not upgradable.",13,laptops,tech,https://www.reddit.com/r/laptops/comments/1wd1243/i_just_got_this_laptop_for_my_birthday_how_good/,,
I don't understand. What..,5,laptops,tech,https://www.reddit.com/r/laptops/comments/1wd1243/i_just_got_this_laptop_for_my_birthday_how_good/,,
What user manual? Can you link to it?,2,laptops,tech,https://www.reddit.com/r/laptops/comments/1wd1243/i_just_got_this_laptop_for_my_birthday_how_good/,,
The box also states that 1920x1200 is 2k resolution,-1,laptops,tech,https://www.reddit.com/r/laptops/comments/1wd1243/i_just_got_this_laptop_for_my_birthday_how_good/,,
"Well, 1920 is as close to 2K as 3840 is to 4K, so they’re as “correct” as everyone talking about 4K TV’s. Some people (and some manufacturers) do get confused and more incorrectly call 2560 screens 2K, but HP’s at least doing better than that.",1,laptops,tech,https://www.reddit.com/r/laptops/comments/1wd1243/i_just_got_this_laptop_for_my_birthday_how_good/,,
how exactly do you have a non-upgradable sodimm module?,,laptops,tech,https://www.reddit.com/r/laptops/comments/1wd1243/i_just_got_this_laptop_for_my_birthday_how_good/,,
Sodimm does not mean it's soldered.,12,laptops,tech,https://www.reddit.com/r/laptops/comments/1wd1243/i_just_got_this_laptop_for_my_birthday_how_good/,,
"Nope, the box says SODIMM so it’s upgradeable

Also, in general on lower end systems, just DDR alone means it’s a SODIMM, if it’s LP (low power) it’s guaranteed to be soldered

So OP can pop in 16GB if they wanted to and that alone would make it even better",10,laptops,tech,https://www.reddit.com/r/laptops/comments/1wd1243/i_just_got_this_laptop_for_my_birthday_how_good/,,
HPs own data sheet for this model states that it is soldered. That’s the beginning and end of it.,2,laptops,tech,https://www.reddit.com/r/laptops/comments/1wd1243/i_just_got_this_laptop_for_my_birthday_how_good/,,
I've seen lower end systems where the ram is soldered that also have an expansion slot.,5,laptops,tech,https://www.reddit.com/r/laptops/comments/1wd1243/i_just_got_this_laptop_for_my_birthday_how_good/,,
Or 64gb 🤷‍♂️,1,laptops,tech,https://www.reddit.com/r/laptops/comments/1wd1243/i_just_got_this_laptop_for_my_birthday_how_good/,,
In this economy??,0,laptops,tech,https://www.reddit.com/r/laptops/comments/1wd1243/i_just_got_this_laptop_for_my_birthday_how_good/,,
If you look up the model number at the top it will tell you that the RAM is Soldered for this specific model. The box isnt always correct.,-1,laptops,tech,https://www.reddit.com/r/laptops/comments/1wd1243/i_just_got_this_laptop_for_my_birthday_how_good/,,
Can you share where you see it has soldered ram when you looked up the model number? I have not come across any sources stating such.,0,laptops,tech,https://www.reddit.com/r/laptops/comments/1wd1243/i_just_got_this_laptop_for_my_birthday_how_good/,,
"You could always download more RAM, if needed",1,laptops,tech,https://www.reddit.com/r/laptops/comments/1wd1243/i_just_got_this_laptop_for_my_birthday_how_good/,,
Who said you couldn’t just get a larger sized ram chip and de solder the old one and solder the new one onto it? Of course assuming you’re that good at soldering.,0,laptops,tech,https://www.reddit.com/r/laptops/comments/1wd1243/i_just_got_this_laptop_for_my_birthday_how_good/,,
"I don't like the 8GB of RAM

Being a video editor and DJ, I need  16-32 GB RAM for all of my programs - and now I need to add ""upgradable RAM"" to that list.

But most people are casual PC users that just need the Internet, mail, and other everyday apps for day-to-day life. Maybe some gaming. 8GB RAM seems okay for most people.",1,laptops,tech,https://www.reddit.com/r/laptops/comments/1wd1243/i_just_got_this_laptop_for_my_birthday_how_good/,,
I just bought a laptop with 32 GB of soldered ram. I hope it can last.,1,laptops,tech,https://www.reddit.com/r/laptops/comments/1wd1243/i_just_got_this_laptop_for_my_birthday_how_good/,,
"Lol ehhhhhh 8gb is becoming insufferable. It's not that 8gb is crap, it's that everyone realized years ago before rampocalypse ram was plentiful and no one needed to put effort into maximizing efficiency. Windows 11 without anything running is kinda garbage on 8gb, where as we used to be an 8gb BARE minimum recommendation, now we recommend 16gb bare minimum.

Not saying 8gb is completely unreasonable hardware just saying windows is def not the way to play with it and just using chrome or another browser will kill that immediately.",1,laptops,tech,https://www.reddit.com/r/laptops/comments/1wd1243/i_just_got_this_laptop_for_my_birthday_how_good/,,
"6/10, probably handles all daily tasks decently well, not great for gaming but for literally anything else that doesnt require heavy power it should do more than just fine.",29,laptops,tech,https://www.reddit.com/r/laptops/comments/1wd1243/i_just_got_this_laptop_for_my_birthday_how_good/,,
8gb not that good can’t handle most modern games. I dont know the rest,35,laptops,tech,https://www.reddit.com/r/laptops/comments/1wd1243/i_just_got_this_laptop_for_my_birthday_how_good/,,
The laptop runs windows 11. That alone can barely function on 8gb ram,37,laptops,tech,https://www.reddit.com/r/laptops/comments/1wd1243/i_just_got_this_laptop_for_my_birthday_how_good/,,
The box says it’s SODIMM so OP can upgrade the RAM later on,8,laptops,tech,https://www.reddit.com/r/laptops/comments/1wd1243/i_just_got_this_laptop_for_my_birthday_how_good/,,
"8 gb ram + windows 11 = bottleneck.

I don't lie to you when I say that out of my 32gb windows eats 6gb alone without doing anything, it goes up to 7-8gb when using Google, downloading things, when gaming it goes up to 11-14gb.

If you want to play in it, without having constant stuttering and crashes, get another stick of 8gb SODDIM ram. Or better yet, 16 if you'd like to max the laptop, having 24 gb ram will get you covered for years. Dual channel is overrated (yes, I said it, down vote, idgaf)",23,laptops,tech,https://www.reddit.com/r/laptops/comments/1wd1243/i_just_got_this_laptop_for_my_birthday_how_good/,,
"Memory in use does not mean memory that HAS to be in use. Unused memory is wasted memory, so Windows caches things for speed purposes until it needs it for something else. Machines with less memory cache less, more memory caches more.",22,laptops,tech,https://www.reddit.com/r/laptops/comments/1wd1243/i_just_got_this_laptop_for_my_birthday_how_good/,,
"That's nice that your grandparents surprised you with this laptop and I would be surprised as well! The laptop will be good for everyday tasks, but with 8 gig of ram, you may have issues with program/games that are graphically intense. Might want to see about adding more RAM as that would be a significant upgrade to the performance of the laptop. If you do decide to upgrade the RAM, stay away from cheap, no name RAM brands and purchase it where there will be a return/warranty.",5,laptops,tech,https://www.reddit.com/r/laptops/comments/1wd1243/i_just_got_this_laptop_for_my_birthday_how_good/,,
A $500 Windows laptop in 2026 with 8GB is a crime.,5,laptops,tech,https://www.reddit.com/r/laptops/comments/1wd1243/i_just_got_this_laptop_for_my_birthday_how_good/,,
"Your family is so good! Enjoy it for all the work you need to do and maybe some casual games! It’ll be great to stream and watch stuff.
Enjoy and be thankful!",5,laptops,tech,https://www.reddit.com/r/laptops/comments/1wd1243/i_just_got_this_laptop_for_my_birthday_how_good/,,
"Great for school work, Minecraft, YouTube, Netflix, etc.",5,laptops,tech,https://www.reddit.com/r/laptops/comments/1wd1243/i_just_got_this_laptop_for_my_birthday_how_good/,,
Just enjoy the laptop man,5,laptops,tech,https://www.reddit.com/r/laptops/comments/1wd1243/i_just_got_this_laptop_for_my_birthday_how_good/,,
"The laptop is decent on it's own but it doesn't have any GPU so gaming might be more limited, I wouldn't expect running AAA titles, but 2D games, Roblox, Minecraft and some lighter e-sports titles may still run.

That 8GB of RAM is also a limiting factor depending on what you do. Even during these troubled times, I'd opt for another stick of 8GB to get 16GB if you're laptop supports it.",8,laptops,tech,https://www.reddit.com/r/laptops/comments/1wd1243/i_just_got_this_laptop_for_my_birthday_how_good/,,
TIL 140 ppi = sharp visuals,4,laptops,tech,https://www.reddit.com/r/laptops/comments/1wd1243/i_just_got_this_laptop_for_my_birthday_how_good/,,
"Bro don't thinks is weak laptop, you can Play many game on it except AAA games , there's beat game you can play in your laptop, be positive",4,laptops,tech,https://www.reddit.com/r/laptops/comments/1wd1243/i_just_got_this_laptop_for_my_birthday_how_good/,,
"Lot of nonsense been spouted here. It’s a good laptop and decent CPU. 8GB of ram is fine for browsing and day to day use like office and some older games and watching movies and tv series. 8GB of ram would actually be fine for people who just want a laptop for that.

The laptop is upgradable to 16GB DDR5 so down the line when you have the funds get another stick of 8GB DDR5 when you have the funds available and you’ll have a very nice laptop.",4,laptops,tech,https://www.reddit.com/r/laptops/comments/1wd1243/i_just_got_this_laptop_for_my_birthday_how_good/,,
You'll have trouble with big modern games but emulation and daily tasks should be a breeze!,3,laptops,tech,https://www.reddit.com/r/laptops/comments/1wd1243/i_just_got_this_laptop_for_my_birthday_how_good/,,
It's a good processor.,3,laptops,tech,https://www.reddit.com/r/laptops/comments/1wd1243/i_just_got_this_laptop_for_my_birthday_how_good/,,
"Middling.

It's not a gaming computer but it'll do stuff fine. It's the toyota camry of computers.",3,laptops,tech,https://www.reddit.com/r/laptops/comments/1wd1243/i_just_got_this_laptop_for_my_birthday_how_good/,,
"Its not a gaming laptop. I’d give up on that except for lighter things like Minecraft or rocket league. That said omnibook laptops are great. They’re just not meant for gaming, but they excel in everything else. Especially at that price tag. You should be grateful <3",3,laptops,tech,https://www.reddit.com/r/laptops/comments/1wd1243/i_just_got_this_laptop_for_my_birthday_how_good/,,
Someone loves you and it will be great. You’ll grow out of it in a few years.,3,laptops,tech,https://www.reddit.com/r/laptops/comments/1wd1243/i_just_got_this_laptop_for_my_birthday_how_good/,,
It’s pretty decent price for what they got. Your grandparents are quite the deal hunters. This thing is good for most tasks except gaming. The 8GB of RAM may be a major concern in about a year or two. It’s good!,3,laptops,tech,https://www.reddit.com/r/laptops/comments/1wd1243/i_just_got_this_laptop_for_my_birthday_how_good/,,
"as a present, it is great, because it's free. 8 gb ram in 2026 though.....",3,laptops,tech,https://www.reddit.com/r/laptops/comments/1wd1243/i_just_got_this_laptop_for_my_birthday_how_good/,,
Scan the QR code and be greatfull 🤣,3,laptops,tech,https://www.reddit.com/r/laptops/comments/1wd1243/i_just_got_this_laptop_for_my_birthday_how_good/,,
Perfectly fine for 95 percent of people. 😎🙌,3,laptops,tech,https://www.reddit.com/r/laptops/comments/1wd1243/i_just_got_this_laptop_for_my_birthday_how_good/,,
It's the best laptop ever.,3,laptops,tech,https://www.reddit.com/r/laptops/comments/1wd1243/i_just_got_this_laptop_for_my_birthday_how_good/,,
8gb ram is the only problem rest is really nice just get 8 more gb and ur grandparents got u a really nice laptop,3,laptops,tech,https://www.reddit.com/r/laptops/comments/1wd1243/i_just_got_this_laptop_for_my_birthday_how_good/,,
"do you have 1,000 dollars for something better",5,laptops,tech,https://www.reddit.com/r/laptops/comments/1wd1243/i_just_got_this_laptop_for_my_birthday_how_good/,,
You can’t beat the cost to performance of a free computer,2,laptops,tech,https://www.reddit.com/r/laptops/comments/1wd1243/i_just_got_this_laptop_for_my_birthday_how_good/,,
"Tengo una laptop similar (con un ultra 5 125h) créeme que le puedes sacar muy buen partido, te servirá para todo lo básico y asta exigirle en juegos, de momento el más pesado que e probado es el mortal Kombat x y lo corre en resolución 1980 por 1800 en medios y varios juegos emulador de ps2 que van de maravilla, la recomendación es que corras a actualizar los drivers de la GPU para tener ese rendimiento y pues busques optimizar la ram y si te es posible ponerle un segundo módulo de ram, sinceramente si la recomiendo",2,laptops,tech,https://www.reddit.com/r/laptops/comments/1wd1243/i_just_got_this_laptop_for_my_birthday_how_good/,,
"If you get GeForce Now, you can play AAA games. Otherwise, it's not going to be great for gaming natively.",2,laptops,tech,https://www.reddit.com/r/laptops/comments/1wd1243/i_just_got_this_laptop_for_my_birthday_how_good/,,
That’s a very decent laptop. Ultra 5 processor can handle a lot of entry-mid gaming. 8gb ram isn’t awesome but windows are going to be making some changes to make windows work better on less ram due to global pressures around ram.,2,laptops,tech,https://www.reddit.com/r/laptops/comments/1wd1243/i_just_got_this_laptop_for_my_birthday_how_good/,,
"For the price, it's about what you'd expect for a consumer line laptop. You won't be able to really game on it, unless retro games are your thing. It'll work for basic stuff, like web browsing, using Discord, and basic computer stuff. Maybe could play some lower end stuff like Minecraft, but don't think you'll play Cyberpunk on it.",2,laptops,tech,https://www.reddit.com/r/laptops/comments/1wd1243/i_just_got_this_laptop_for_my_birthday_how_good/,,
"I mean its a free laptop and free is good

My hp laptop is a piece of shit and the hinge broke within two years",2,laptops,tech,https://www.reddit.com/r/laptops/comments/1wd1243/i_just_got_this_laptop_for_my_birthday_how_good/,,
Don't listen to the haters get geforce now on this bad boy. The touchscreen is gonna be convenient and you are gonna have a blast using it.,2,laptops,tech,https://www.reddit.com/r/laptops/comments/1wd1243/i_just_got_this_laptop_for_my_birthday_how_good/,,
"Lucky bastard, that's a great laptop for your everyday needs OP. Browsing, watching movies, maybe some light games. That is a Godsend for any student or office worker. You could play Dota2, CS2, or any E-sport titles on it. Some 2D games too!",2,laptops,tech,https://www.reddit.com/r/laptops/comments/1wd1243/i_just_got_this_laptop_for_my_birthday_how_good/,,
I can tell you with zero hesitation that this laptop is way better than no laptop. More functional too.,2,laptops,tech,https://www.reddit.com/r/laptops/comments/1wd1243/i_just_got_this_laptop_for_my_birthday_how_good/,,
Definitely not enough ram and 512GB storage is pretty anemic as well. I wouldn't plan on doing any meaningful gaming on it either. For the Internet and office docs and / or course work it should be splendid.,2,laptops,tech,https://www.reddit.com/r/laptops/comments/1wd1243/i_just_got_this_laptop_for_my_birthday_how_good/,,
"Gaming...don't bother. 8gb RAM and windows 11 will leave no ram for any meaningful gaming. Of that 8 GB of RAM you're going to have seven and a half usable. And on the fresh install of Windows after booting Windows likes the idle at about 6 GB of RAM. So you're going to have about a gig and a half of free Ram and then you're going to have to go over in the swap space. swap space is when the operating system takes stuff out of ram that you're not currently using and writes it to a portion of your SSD and as you call on that information again it will swap from the SSD over to ram.
Why are you only going to have 7.5gb usable? Because the graphics processor is integrated into that Intel core 5 ultra processor and in order to have graphics RAM or vRAM that graphics card inside the processor takes anywhere from $256 MB to 512 MB of system Ram. vRAM is what renders any image on screen. Decodes video codecs to play videos on webpages and YouTube or Netflix or VLC etc. It will be a decent school work laptop but that 8 gigs is really a hindrance with Windows 11.",2,laptops,tech,https://www.reddit.com/r/laptops/comments/1wd1243/i_just_got_this_laptop_for_my_birthday_how_good/,,
It's not bad for the price and it will be a lot better if you could upgrade the ram to 16gb,2,laptops,tech,https://www.reddit.com/r/laptops/comments/1wd1243/i_just_got_this_laptop_for_my_birthday_how_good/,,
Just the ram is 8 it should be 16 All other good,2,laptops,tech,https://www.reddit.com/r/laptops/comments/1wd1243/i_just_got_this_laptop_for_my_birthday_how_good/,,
Super dependent on what all you want to do with it. Top tier games will probably not run or at least not run well. Any computational heavy work would also be a headache. If you’re using Microsoft office and a web browser it’s more than enough.,2,laptops,tech,https://www.reddit.com/r/laptops/comments/1wd1243/i_just_got_this_laptop_for_my_birthday_how_good/,,
"Its a pretty good laptop. The processor is on the newer side and pretty good (for general things), the ram is ok for basic use, the storage won't hold many games but enough for documents and basic daily things.

If you wanna game, this will be ok for older titles or lighter weight stuff. The RAM will be the limiting factor so gaming and doing other things at the same time is gonna be rough and you won't be playing many AAA with that drive size but it'll do you well.

Overall it's a decent deal on the computer and a solid one. If gaming is your main goal...you may want to upgrade the ram or change it for something a little better suited but either option will increase the cost by dceent bit. If you wanna browse the web, use discord, and office docs it'll be good for that. Be sure to thank your grandparents and enjoy it",2,laptops,tech,https://www.reddit.com/r/laptops/comments/1wd1243/i_just_got_this_laptop_for_my_birthday_how_good/,,
"Ask your ai enhanced laptop. Lol. 

I think specs are good tho. Youll enjoy the daily use of that. How are the speakers? Loud?",2,laptops,tech,https://www.reddit.com/r/laptops/comments/1wd1243/i_just_got_this_laptop_for_my_birthday_how_good/,,
"Needs more ram, otherwise it's OK (modern CPU). Not good for gaming (at all). Linux will def make it more usable.",2,laptops,tech,https://www.reddit.com/r/laptops/comments/1wd1243/i_just_got_this_laptop_for_my_birthday_how_good/,,
Wild seeing this when I was just considering an OmniBook.,2,laptops,tech,https://www.reddit.com/r/laptops/comments/1wd1243/i_just_got_this_laptop_for_my_birthday_how_good/,,
"Intel IGP is closer to 2-5% faster than a GeForce 1050/1650 Mobile if Notebookcheck is to be trusted in their rankings/benchmarks.

Didn't know that model had a retail version in SODIMM vs LPDDR5, a Best Buy I looked at had Core Ultra 5 in an Omnibook 5 16"" edition for $800 but 16GB RAM so it must be a regional manger thing.

That was a far better price than what HP direct was charging last week leading into the holiday weekend, if Best Buy model has a backlit keyboard you got an $800-900 CTO level model as 512GB SSD is a $150 upcharge in CTOs. Base models of Omnibook 3 with Core Ultra 5 are 250 nit non-touchscreens, 256GB SSD and non-backlit keyboard are usually $549-599. 8GB stick is still cheap vs desktop so $55 keeps it in a great value vs Wildcat Lake XPS13/Acer Aspire 16 with Wildcat Lake.

Interesting the 16"" model Omnibook got that low unless Best Buy went full AMD Ryzen 300-400 models like Microcenter just done in the DC/MD area. Ryzen 350 has been seen filling that price point using LPDDR5.",2,laptops,tech,https://www.reddit.com/r/laptops/comments/1wd1243/i_just_got_this_laptop_for_my_birthday_how_good/,,
HP make excellent laptops.,2,laptops,tech,https://www.reddit.com/r/laptops/comments/1wd1243/i_just_got_this_laptop_for_my_birthday_how_good/,,
Excellent hinge issues 🫣,4,laptops,tech,https://www.reddit.com/r/laptops/comments/1wd1243/i_just_got_this_laptop_for_my_birthday_how_good/,,
"Not sure what the rules are for gen z. In my days, anything I didn't pay for was the best there was.",2,laptops,tech,https://www.reddit.com/r/laptops/comments/1wd1243/i_just_got_this_laptop_for_my_birthday_how_good/,,
It's a decent laptop for a good price. Keep it and upgrade the RAM to 16GiB when you can and it'll be a beast.,2,laptops,tech,https://www.reddit.com/r/laptops/comments/1wd1243/i_just_got_this_laptop_for_my_birthday_how_good/,,
r/lowendgaming post here and you will get lots of game recommendation.,2,laptops,tech,https://www.reddit.com/r/laptops/comments/1wd1243/i_just_got_this_laptop_for_my_birthday_how_good/,,
"To tell you the truth I am not sure you Will be able to run pretty much anything released in past 7 years. At best you can hope for lowest settings possible. And when it comes to price, they Got ripped off. Judging from the specs there, this is around 200 dollar laptop. If they paid full on 500 for that then that's just theft at that point and I don't think this was ever 800 dollar laptop. That also Sounds Like bit of a stretch. To be completely honest I wouldn't hope for anything more than just Being able to do Basic Work on it Like ya know, Basic Microsoft Office software. Word, Excel, etc, etc.. if we are talkin actual games you have only 2 potions. Play anything before 2015 or just play some 2d creative Indie games.",2,laptops,tech,https://www.reddit.com/r/laptops/comments/1wd1243/i_just_got_this_laptop_for_my_birthday_how_good/,,
Its criminal to ship just 8 gb ram with those specs,2,laptops,tech,https://www.reddit.com/r/laptops/comments/1wd1243/i_just_got_this_laptop_for_my_birthday_how_good/,,
"For $500 that was a great price.
The only thing I might consider is upping the Ram (though RAM prices are insane), but otherwise that should be a solid laptop.",2,laptops,tech,https://www.reddit.com/r/laptops/comments/1wd1243/i_just_got_this_laptop_for_my_birthday_how_good/,,
It's a type of present where i would like to be part of your family so i can have some too.,2,laptops,tech,https://www.reddit.com/r/laptops/comments/1wd1243/i_just_got_this_laptop_for_my_birthday_how_good/,,
"its pretty decent, shouldnt run into any issues",2,laptops,tech,https://www.reddit.com/r/laptops/comments/1wd1243/i_just_got_this_laptop_for_my_birthday_how_good/,,
Your grandparents are awesome. 8gb is pretty low for a windows 11 computer. You'll find it memory limited quite often. BUT adding memory is an easy upgrade.,2,laptops,tech,https://www.reddit.com/r/laptops/comments/1wd1243/i_just_got_this_laptop_for_my_birthday_how_good/,,
"Light gaming, Terraria, Minecraft, CS2. You shouldn't return it, for $500 it is all right. If I got this as a present I would be very happy",2,laptops,tech,https://www.reddit.com/r/laptops/comments/1wd1243/i_just_got_this_laptop_for_my_birthday_how_good/,,
If it's under warranty then don't listen to the fools in the comments and think about changing windows to linux. Do whatever u want after the warranty has lapsed. But till then just use the pre-installed windows.,2,laptops,tech,https://www.reddit.com/r/laptops/comments/1wd1243/i_just_got_this_laptop_for_my_birthday_how_good/,,
"Make sure you give them plenty of hugs. Go in and visit them more often because they will be gone eventually. All points to be taken with a grain of salt. And only look at my negative or less than ideal suggestions if you want to be an ungrateful turd

Sure they could have bought you a $2 or $300 laptop and instead they went above and beyond found an $800 one on special and so probably push the budget a bit further because the specs make more sense.

Intel core 5 is not a core 3 or an ultra light Pentium type whatever the current name is . Possibly easy on the battery than an core 7 i7 as well. Screen, above 1080p (1k) and 1368x768 720p(3/4k) also not 4k. Storage 512 GB moderate. Could easily be less. 300 nit brightness standard for consumer laptop I think it's not 250 and it's not 4 or 500 like. Battery might be a tad small but also standard. Just get a oversized power bank with high voltage output as a backup. Plus you can probably charge it from only 65 W USBC anyway, which is just buy a better than average wall plug and a decent cable. To travel light.

As plenty of said your major limiting factor is going to be your ram but it's also not soldered and unupgradable. So you can stick two 16s or a 32 GB chip in there later when prices may be dropped down or when you work a few shifts and save up some yourself. Just don't be ungrateful when you tell Grandma that you have upgraded it, and thank you for getting one that it was possible to upgrade because that's not always a guarantee these days

Best of luck mate. Go forward kick goals. Make them proud.

Study goals graduate high. Maybe take him out to dinner one day or just bring food around and have dinner with them. Honestly that'll be amazing for them",2,laptops,tech,https://www.reddit.com/r/laptops/comments/1wd1243/i_just_got_this_laptop_for_my_birthday_how_good/,,
"Good enough for 500 as a gift., and seeing the specs i dont think they rioped your grandparents off.",2,laptops,tech,https://www.reddit.com/r/laptops/comments/1wd1243/i_just_got_this_laptop_for_my_birthday_how_good/,,
"eh, it's a $500 laptop in a time where some people building normal machines are having to spend $500 just on RAM. it's not gonna play any sort of modern 3d game, but neither will any other $500 laptop. it's a nice gift though",2,laptops,tech,https://www.reddit.com/r/laptops/comments/1wd1243/i_just_got_this_laptop_for_my_birthday_how_good/,,
What does it matter if it’s a “good” laptop? It was a gift to you from someone who loved you.,3,laptops,tech,https://www.reddit.com/r/laptops/comments/1wd1243/i_just_got_this_laptop_for_my_birthday_how_good/,,
You'll be fine. Give your grandparents a kiss and hug and thank them. They don't stay around for ever. I miss mine...,2,laptops,tech,https://www.reddit.com/r/laptops/comments/1wd1243/i_just_got_this_laptop_for_my_birthday_how_good/,,
"as someone who uses a similar ish but older model machine, the main limiting factor with gaming is going to be RAM and the iGPU, my machine was a bit better specced from the start ( intel i5-1155G7, 12Gb RAM & 256Gb NVMe SSD ) though i have since upgraded it to 16Gb of RAM, i found with even 12 the machine struggles as it has to page to disk heavily, especially as machines like this use the system RAM as VRAM for the iGPU further cutting into your RAM budget, not sure on the specific CPU but if it is nicer than mine and it isnt thermally limited than it should be fine, the iGPU will be your issue, that is hard to upgrade though

a machine like this ( possibly plus some more RAM ) can be a decent machine for some light games like minecraft and many smallish indie titles i am into if you know how to tune it right, i would say install some of the games you want to try and see how they run but expect to run on lowest settings for most",1,laptops,tech,https://www.reddit.com/r/laptops/comments/1wd1243/i_just_got_this_laptop_for_my_birthday_how_good/,,
"It will be great for production and web browsing. It's not as good at playing demanding games as your average console. Think of your cellphone, do you expect to play AAA games on that? Or do you enjoy searching the web, writing documents, checking email. I can do some things on my phone, but most are much easier with a keyboard and mouse over touchscreen that is a few inches across. This would serve a non computer science, engineering or technology major in college I would think.",1,laptops,tech,https://www.reddit.com/r/laptops/comments/1wd1243/i_just_got_this_laptop_for_my_birthday_how_good/,,
"It’s a great laptop for work/business that doesn’t involve rendering

It can do games like LoL or something like but not much for triple a games",1,laptops,tech,https://www.reddit.com/r/laptops/comments/1wd1243/i_just_got_this_laptop_for_my_birthday_how_good/,,
"If you already got it, it is best device in the world for you.",1,laptops,tech,https://www.reddit.com/r/laptops/comments/1wd1243/i_just_got_this_laptop_for_my_birthday_how_good/,,
Great for browsing and light gaming. Anything more power-heavy than that is not going to work well,1,laptops,tech,https://www.reddit.com/r/laptops/comments/1wd1243/i_just_got_this_laptop_for_my_birthday_how_good/,,
You can play Roller Coaster Tycoon and Age of Empires. That’s all you need.,1,laptops,tech,https://www.reddit.com/r/laptops/comments/1wd1243/i_just_got_this_laptop_for_my_birthday_how_good/,,
"It's a nice gift.

You aren't playing AAA games or doing anything heavyweight with it, but lightweight games, most emulation, YouTube/Watching Streams and web surfing will work fine as long as you aren't doing it *all at once*.",1,laptops,tech,https://www.reddit.com/r/laptops/comments/1wd1243/i_just_got_this_laptop_for_my_birthday_how_good/,,
"Regarding games, probably not anything super modern or AAA titles

It's a simple office laptop, but the newer CPU will likely run some classic games very well. Things like Portal, Terraria, etc

It's a good present.",1,laptops,tech,https://www.reddit.com/r/laptops/comments/1wd1243/i_just_got_this_laptop_for_my_birthday_how_good/,,
Good productivity / media consumption machine. Could use a bit more memory. Not meant for anything above light gaming.,1,laptops,tech,https://www.reddit.com/r/laptops/comments/1wd1243/i_just_got_this_laptop_for_my_birthday_how_good/,,
"8gb ddr5 DAMM , it's a great present I'm stuck with ddr4 lol",1,laptops,tech,https://www.reddit.com/r/laptops/comments/1wd1243/i_just_got_this_laptop_for_my_birthday_how_good/,,
"Research how to kill unnecessary windows functions, and get rid of all the pre-installed HP bullshit.",1,laptops,tech,https://www.reddit.com/r/laptops/comments/1wd1243/i_just_got_this_laptop_for_my_birthday_how_good/,,
8 gigs of ram is to little upgrade to 16 gigs,1,laptops,tech,https://www.reddit.com/r/laptops/comments/1wd1243/i_just_got_this_laptop_for_my_birthday_how_good/,,
"Your grandparents love you, show some love to them also, this isn't a great laptop but unfortunately due to AI fuckery the prices of ram and storage is so high for so long nobody can do really much about it, I would recommend spending 8-10k if you can, maybe in few months or however, and get another 8gb ram sticks, pray that this laptop has dual ram slots or 16gb ram cost way too much rn, other then this, it's decent for light browsing watching yt etc, nothing too demanding just basic task",1,laptops,tech,https://www.reddit.com/r/laptops/comments/1wd1243/i_just_got_this_laptop_for_my_birthday_how_good/,,
"Ok so I bought this laptop at the end of August and just returned it. Mine was 16GB RAM tho. Bluetooth audio was soooo choppy no matter WHAT I did to try and fix it. + It was also a bit big for me. + I was hoping for more aluminum vibes than plastic. + I don’t like that the keys weren’t back lit. + Volume was very quiet through internal speakers

It ran well. I played Skyrim and Sims on it for several hours and it had no issues other than what I stated above. But mine was higher RAM",1,laptops,tech,https://www.reddit.com/r/laptops/comments/1wd1243/i_just_got_this_laptop_for_my_birthday_how_good/,,
Much better than nothing,1,laptops,tech,https://www.reddit.com/r/laptops/comments/1wd1243/i_just_got_this_laptop_for_my_birthday_how_good/,,
Needs more RAM,1,laptops,tech,https://www.reddit.com/r/laptops/comments/1wd1243/i_just_got_this_laptop_for_my_birthday_how_good/,,
The worst part of this is the fact it is HP. Check your warranty!,1,laptops,tech,https://www.reddit.com/r/laptops/comments/1wd1243/i_just_got_this_laptop_for_my_birthday_how_good/,,
"It’s not a gaming laptop, it’s just a solid regular laptop. I also suggest to upgrade the RAM to 16 GB minimum.",1,laptops,tech,https://www.reddit.com/r/laptops/comments/1wd1243/i_just_got_this_laptop_for_my_birthday_how_good/,,
"Solid laptop for day to day task. 8GB Ram is a little concern, but it will be ok, just don't keep too many app running at once, keep your browser tab as few as possible.",1,laptops,tech,https://www.reddit.com/r/laptops/comments/1wd1243/i_just_got_this_laptop_for_my_birthday_how_good/,,
"OP if you're in the North East US, lemme sell you 2x16gb ddr5 sodimm 😭 we can't let you suffer with 8 gb",1,laptops,tech,https://www.reddit.com/r/laptops/comments/1wd1243/i_just_got_this_laptop_for_my_birthday_how_good/,,
"You're going to definitely need another stick of ram and consider upgrading to a 1tb SSD

It will still be usable, but you will notice it being really slow or laggy without another 8gb stick of ram (16gb has become the standard with win11 for a decent experience because of all the crap they shove into it now to make it look pretty)",1,laptops,tech,https://www.reddit.com/r/laptops/comments/1wd1243/i_just_got_this_laptop_for_my_birthday_how_good/,,
"For being new and the current chip crisis it’s honestly not bad, 8GB of RAM is low so you won’t be able to run bigger software and the computer could get slow at times. The display is nice, solid amount of storage and it’s an Ultra 5 chip so that’s got some solid power behind it. Not sure if you can upgrade the RAM, but if you could then it would be a really powerful laptop for everyday use and maybe some heavier tasks.

You could maybe return it and buy something refurbished and get a good deal, I used backmarket recently, spent about $550 ish and got a really nice Lenovo X1C G9, but what you have honestly isn’t bad.",1,laptops,tech,https://www.reddit.com/r/laptops/comments/1wd1243/i_just_got_this_laptop_for_my_birthday_how_good/,,
"Good for school, but not for gaming or designing.",1,laptops,tech,https://www.reddit.com/r/laptops/comments/1wd1243/i_just_got_this_laptop_for_my_birthday_how_good/,,
"It's a pretty poor laptop. Omnibook 3 is their very budget line, and 8GB RAM is not enough to do much in windows 11. If you didn't have one it's fine, but don't expect all that much from it. I probably wouldn't try any games that aren't 2D.

Not trying to make you feel bad or anything, mind you. I'm just not going to sugar coat it for you about what you got. It's best to know what you can expect from it so you don't feel like something is wrong with it later etc",1,laptops,tech,https://www.reddit.com/r/laptops/comments/1wd1243/i_just_got_this_laptop_for_my_birthday_how_good/,,
"with only 8GB of RAM on WIN11 it's essentially a glorified office laptop since Windows 11 is almost completely crippled with anything less than 16GB of RAM. game wise, you could mayyyyybe play some light indie games or older titles on low settings.",1,laptops,tech,https://www.reddit.com/r/laptops/comments/1wd1243/i_just_got_this_laptop_for_my_birthday_how_good/,,
"Its a good laptop for browsing , movies , school projects , coding . Not for gaming .",1,laptops,tech,https://www.reddit.com/r/laptops/comments/1wd1243/i_just_got_this_laptop_for_my_birthday_how_good/,,
"As long as the hinge dosent break, your fine",1,laptops,tech,https://www.reddit.com/r/laptops/comments/1wd1243/i_just_got_this_laptop_for_my_birthday_how_good/,,
"The only major choking point is windows 11 on 8 GB of RAM. Microsoft claims they'll have it more optimized at some point but I'll believe that when I see it.

Definitely won't do much gaming beyond casual gaming.",1,laptops,tech,https://www.reddit.com/r/laptops/comments/1wd1243/i_just_got_this_laptop_for_my_birthday_how_good/,,
Either horrible products or hp,1,laptops,tech,https://www.reddit.com/r/laptops/comments/1wd1243/i_just_got_this_laptop_for_my_birthday_how_good/,,
"It's decent, it gets the job done",1,laptops,tech,https://www.reddit.com/r/laptops/comments/1wd1243/i_just_got_this_laptop_for_my_birthday_how_good/,,
Better than nothing,1,laptops,tech,https://www.reddit.com/r/laptops/comments/1wd1243/i_just_got_this_laptop_for_my_birthday_how_good/,,
Slap ubuntu on that thing,1,laptops,tech,https://www.reddit.com/r/laptops/comments/1wd1243/i_just_got_this_laptop_for_my_birthday_how_good/,,
"Pretty solid if your not using it for heavy tasks.

Roblox, Minecraft, and light tasks it's great.

SODIMM states it's also upgradeable on the ram front.",1,laptops,tech,https://www.reddit.com/r/laptops/comments/1wd1243/i_just_got_this_laptop_for_my_birthday_how_good/,,
"Depends, what are you going to use it for? For basic productivity/office tasks, browsing and media consumption it should be fine! No gaming, or heavy multitasking though.",1,laptops,tech,https://www.reddit.com/r/laptops/comments/1wd1243/i_just_got_this_laptop_for_my_birthday_how_good/,,
"It has a terrific 225U processor but the non-upgradable RAM makes it redundant.

Your best bet would be to remove Windows and clean install a Linux distro. That way you'll at least get some performance out of it.",1,laptops,tech,https://www.reddit.com/r/laptops/comments/1wd1243/i_just_got_this_laptop_for_my_birthday_how_good/,,
"You have AI. You can do anything with that laptop*

*Assuming you dont run a lot of stuff at once. The 8gb of ram is gonna hurt running windows.",1,laptops,tech,https://www.reddit.com/r/laptops/comments/1wd1243/i_just_got_this_laptop_for_my_birthday_how_good/,,
"install linux, everything will be fine. linux runs great even with 8 gb ram",1,laptops,tech,https://www.reddit.com/r/laptops/comments/1wd1243/i_just_got_this_laptop_for_my_birthday_how_good/,,
The spec is good except the ram. Need atleast 16 these days,1,laptops,tech,https://www.reddit.com/r/laptops/comments/1wd1243/i_just_got_this_laptop_for_my_birthday_how_good/,,
Eh,1,laptops,tech,https://www.reddit.com/r/laptops/comments/1wd1243/i_just_got_this_laptop_for_my_birthday_how_good/,,
"Looking at the specs. I could say it's alright. It could game but don't expect anything heavy.

However the main issue it's the RAM, good thing this variation is SODIMM you could upgrade from 8GB to 16GB (up to 32GB). It's worth it, although current RAM prices especially DDR5 is high at the moment. Reason why I say this because Windows 11 on 8GB will leave you less available RAM and you're likely limited to do Office work and Browsing.

If you're looking forward to know what game you can run, you can always go to YouTube search for something like ""Core Ultra 225 Gaming"" this will help you figure out.

Anyway just be glad with whatever you get. It's better than getting a Celeron laptop (They are torture to use, bare unusable)

Edit: Almost forget but, I do not know exactly how much RAM slots is available in this laptop, could be just 1 slot instead of two. But knowing it's DDR5 it's should be fine.",1,laptops,tech,https://www.reddit.com/r/laptops/comments/1wd1243/i_just_got_this_laptop_for_my_birthday_how_good/,,
It's AI-enhanced! You can ask it if it's good!,1,laptops,tech,https://www.reddit.com/r/laptops/comments/1wd1243/i_just_got_this_laptop_for_my_birthday_how_good/,,
Best thing you can do it upgrade to more RAM. this would be like a really nice portable laptop for college.,1,laptops,tech,https://www.reddit.com/r/laptops/comments/1wd1243/i_just_got_this_laptop_for_my_birthday_how_good/,,
You can play old school runescape 60 fps with this,1,laptops,tech,https://www.reddit.com/r/laptops/comments/1wd1243/i_just_got_this_laptop_for_my_birthday_how_good/,,
"Based on the specs, it seems like it should be a good laptop for most everyday use.",1,laptops,tech,https://www.reddit.com/r/laptops/comments/1wd1243/i_just_got_this_laptop_for_my_birthday_how_good/,,
"Not much gaming, but perfectly passable for web browsing and simple usage. 8gb of memory is rough. If you can, see if you can return it and find something for 1-200 more with 16gb would be my main reccomendation",1,laptops,tech,https://www.reddit.com/r/laptops/comments/1wd1243/i_just_got_this_laptop_for_my_birthday_how_good/,,
"actually a pretty good laptop but with some keys caveats being the low ram and low battery...

way better than any tech I have... except for gaming, because my PC has plenty of ram and a GPU.",1,laptops,tech,https://www.reddit.com/r/laptops/comments/1wd1243/i_just_got_this_laptop_for_my_birthday_how_good/,,
"Some super old or lightweight games won’t do much. Go anywhere near today’s games and that laptop is toast. But hey, it’s 2026, nothing is cheap anymore. Never has been cheap since late 2025.",1,laptops,tech,https://www.reddit.com/r/laptops/comments/1wd1243/i_just_got_this_laptop_for_my_birthday_how_good/,,
It can browse the internet that’s about it,1,laptops,tech,https://www.reddit.com/r/laptops/comments/1wd1243/i_just_got_this_laptop_for_my_birthday_how_good/,,
"Dont think about playing any mainstream game?. Like the games you think about playing like forza, gta or {CS2(this one, only if you dont accept anything under like 70fps, only then can you not play it)} What you have is a business laptop, so multiple browser tabs, instances of cloud based ai and excel all at once should not be a problem. Not really meant for any kind of gaming though {unless, older titles are acceptable}. I did search up the laptop and it did say soldered RAM, but maybe you have a custom, i dont think that is possible but maybe",1,laptops,tech,https://www.reddit.com/r/laptops/comments/1wd1243/i_just_got_this_laptop_for_my_birthday_how_good/,,
Ram is a bit low but for the rest its fine!,1,laptops,tech,https://www.reddit.com/r/laptops/comments/1wd1243/i_just_got_this_laptop_for_my_birthday_how_good/,,
"needs more ram and you're good for a casual use/school use laptop.

you can do some passable gaming at lower settings. should get basically the same performance as the Core Ultra 5 125U in this video. https://www.youtube.com/watch?v=FKcWbC8UVcE",1,laptops,tech,https://www.reddit.com/r/laptops/comments/1wd1243/i_just_got_this_laptop_for_my_birthday_how_good/,,
"Id depends on what interests you.

Some things you could experiment with depending on what interests you:

Coding

Network analytics

Digital art

Photoediting

Lite video editing

Run a local model like qwen.

Write novels

Do homework

Data analytics

Cybersecurity

Robotics-image recognition tooling the camera is probably mediocre but serviceable for learning

Most big multi-player games, companies optimize so on minimum settings a potato could run the game, you can probably do better than minimum settings.

Watch shows

Video call your grandparents.

Experamint for yourself and see what you can do.",1,laptops,tech,https://www.reddit.com/r/laptops/comments/1wd1243/i_just_got_this_laptop_for_my_birthday_how_good/,,
"8GB is not great, but depends on what you will do, also cosidering the price, it's OK-ish.",1,laptops,tech,https://www.reddit.com/r/laptops/comments/1wd1243/i_just_got_this_laptop_for_my_birthday_how_good/,,
It would be better with 16gb of RAM.,1,laptops,tech,https://www.reddit.com/r/laptops/comments/1wd1243/i_just_got_this_laptop_for_my_birthday_how_good/,,
Just use it for graphics design and art content,1,laptops,tech,https://www.reddit.com/r/laptops/comments/1wd1243/i_just_got_this_laptop_for_my_birthday_how_good/,,
8gb of ram is rough if you want to do gaming.,1,laptops,tech,https://www.reddit.com/r/laptops/comments/1wd1243/i_just_got_this_laptop_for_my_birthday_how_good/,,
"Not upgradable Not for gaming

But perfect for office work",1,laptops,tech,https://www.reddit.com/r/laptops/comments/1wd1243/i_just_got_this_laptop_for_my_birthday_how_good/,,
You're lucky. That's such a good gift. Your grandparents surely love you .,1,laptops,tech,https://www.reddit.com/r/laptops/comments/1wd1243/i_just_got_this_laptop_for_my_birthday_how_good/,,
"Add some more ram and u can play a ton of games , u could already play alot of games now but with 8gb your selection is limited but alot of old games will run fine untill you upgrade to 16gb, stuff like wow, diablo, LoL,StarCraft,Indie games etc will play well I'm guessing",1,laptops,tech,https://www.reddit.com/r/laptops/comments/1wd1243/i_just_got_this_laptop_for_my_birthday_how_good/,,
Yes is good laptop :),1,laptops,tech,https://www.reddit.com/r/laptops/comments/1wd1243/i_just_got_this_laptop_for_my_birthday_how_good/,,
"you should be able to play Minecraft and roblox and make some older titles, if you're okay with minimum settings and no crazy framerates.

look for optimization mods for the games you want to play, they can help a lot.

you will notice sluggishness from 8gb ram and windows 11. it's just an inevitability.

make sure to take good care of it! keep it away from food and drink, and, if possible, keep it cool! cheaper laptops often can just die if you let them overheat regularly, made worse if you're not too clean with them and the fan gets clogged with dust and grime. consider leaving how to take the back cover off once s year to clean out the fan, and if you're able to use it with a monitor and can keep the laptop closed, consider flipping it over so the fan faces upwards at the very least. you can also point another fan at the hotspot on the back of the laptop to keep it cooler, or consider getting a cloth or paper towel slightly damp and packing it on the hot spot for some evaporative cooling (or combine the two, i do that sometimes when i game on my thin-and-light)",1,laptops,tech,https://www.reddit.com/r/laptops/comments/1wd1243/i_just_got_this_laptop_for_my_birthday_how_good/,,
"The 8GB of ram is a little tight, maybe look into upgrading this, but it's a sweet machine otherwise!",1,laptops,tech,https://www.reddit.com/r/laptops/comments/1wd1243/i_just_got_this_laptop_for_my_birthday_how_good/,,
Can't play new games. Get some old ones.,1,laptops,tech,https://www.reddit.com/r/laptops/comments/1wd1243/i_just_got_this_laptop_for_my_birthday_how_good/,,
Linux,1,laptops,tech,https://www.reddit.com/r/laptops/comments/1wd1243/i_just_got_this_laptop_for_my_birthday_how_good/,,
I get triggered when I see the word AI,1,laptops,tech,https://www.reddit.com/r/laptops/comments/1wd1243/i_just_got_this_laptop_for_my_birthday_how_good/,,
Looks like a good normal laptop. :),1,laptops,tech,https://www.reddit.com/r/laptops/comments/1wd1243/i_just_got_this_laptop_for_my_birthday_how_good/,,
"For basic usage it may be OK.

Windows is really RAM hungry, so would think about Linux or something else...",1,laptops,tech,https://www.reddit.com/r/laptops/comments/1wd1243/i_just_got_this_laptop_for_my_birthday_how_good/,,
"Fast enough for daily tasks like web browsing and documents, good enough for light gaming like RuneScape or old games, light photo or video editing.",1,laptops,tech,https://www.reddit.com/r/laptops/comments/1wd1243/i_just_got_this_laptop_for_my_birthday_how_good/,,
8Gb ram. If it's soldered you are screwed also hinge will probably break in a year.,1,laptops,tech,https://www.reddit.com/r/laptops/comments/1wd1243/i_just_got_this_laptop_for_my_birthday_how_good/,,
It’s has widows. It’s shit,1,laptops,tech,https://www.reddit.com/r/laptops/comments/1wd1243/i_just_got_this_laptop_for_my_birthday_how_good/,,
"Modern browser will kill it in 3 years max.

8GB not even enough to satisfy Windows ravage hunger for RAM, especially with shoehorn in AI and junks that run in the background.",1,laptops,tech,https://www.reddit.com/r/laptops/comments/1wd1243/i_just_got_this_laptop_for_my_birthday_how_good/,,
"Well it's a fairly good thing for working purposes and as per I know this one should have a NPU too since it's intel and this laptop publicly says 47 TOPS npu so yeah if u make a good use of its AI it will do the work for u, not too good for gaming though butstillb normal games will run good at 720p . it will be greatiif it's motherboard has a slot for ram and is upgradable. So it's pretty good 👍",1,laptops,tech,https://www.reddit.com/r/laptops/comments/1wd1243/i_just_got_this_laptop_for_my_birthday_how_good/,,
You can do most stuff except for gaming.,1,laptops,tech,https://www.reddit.com/r/laptops/comments/1wd1243/i_just_got_this_laptop_for_my_birthday_how_good/,,
"perfect for studies, not for gaming",1,laptops,tech,https://www.reddit.com/r/laptops/comments/1wd1243/i_just_got_this_laptop_for_my_birthday_how_good/,,
"You can buy some sodim Ram and expend the ram. After that, it's nice work laptop",1,laptops,tech,https://www.reddit.com/r/laptops/comments/1wd1243/i_just_got_this_laptop_for_my_birthday_how_good/,,
There a nice coaster,1,laptops,tech,https://www.reddit.com/r/laptops/comments/1wd1243/i_just_got_this_laptop_for_my_birthday_how_good/,,
8GB is a little low for a windows 11 environment.,1,laptops,tech,https://www.reddit.com/r/laptops/comments/1wd1243/i_just_got_this_laptop_for_my_birthday_how_good/,,
"It's fine as a laptop, but its not a gaming machine. 8GB ram is low but the good news is its upgradable (not very common on laptops nowadays)",1,laptops,tech,https://www.reddit.com/r/laptops/comments/1wd1243/i_just_got_this_laptop_for_my_birthday_how_good/,,
"With today's prices that's not a bad laptop for school work and stuff like that.

It won't game much past much older games or low requirement indie games. Google ""can I run it"" for a website that can scan your PC to check (systemrequirementslab.com). Take it with a pinch of salt though.",1,laptops,tech,https://www.reddit.com/r/laptops/comments/1wd1243/i_just_got_this_laptop_for_my_birthday_how_good/,,
"I mean, it just honestly depends what you’re doing on it. Basic every day stuff then yeah I’d say so. But you’re not going to be gaming on it if that’s what you’re asking.",1,laptops,tech,https://www.reddit.com/r/laptops/comments/1wd1243/i_just_got_this_laptop_for_my_birthday_how_good/,,
You... are thinking of returning the gift and get something else? Especially from your grandparents? Ughhhhhh,1,laptops,tech,https://www.reddit.com/r/laptops/comments/1wd1243/i_just_got_this_laptop_for_my_birthday_how_good/,,
"8gb ram and 256gb ssd was my first laptop and i loved it so much for work and movies and browsing it even had touchpad screen and after 5 years of usage the plastic case was destroyed and keyboard letters not seen anymore i decided to buy another laptop better for gaming but i always had in mind my first laptop and last year i decided to refurbish it and ordered casing, keyboard and battery for 100 euros total and it is like new now. enjoy with your new laptop",1,laptops,tech,https://www.reddit.com/r/laptops/comments/1wd1243/i_just_got_this_laptop_for_my_birthday_how_good/,,
If you want to game dont expect anything amazing but it will run most games atleast on low-mid and on optimized games mabye even high but for everything else it does what it does,1,laptops,tech,https://www.reddit.com/r/laptops/comments/1wd1243/i_just_got_this_laptop_for_my_birthday_how_good/,,
8gb ram in 2026 with win11? Nah man. Ain't no way. Unless you have a patience of a saint.,1,laptops,tech,https://www.reddit.com/r/laptops/comments/1wd1243/i_just_got_this_laptop_for_my_birthday_how_good/,,
"ele é ótimo!

essa processador é excelente e a memória RAM de 8GB vai servir pra bastante coisa, porém no windows vai sofrer um pouco

pra lidar bem com essa quantidade de RAM de maneira satisfatória eu indicaria usar o Linux Mint ao invés do Windows. não é difícil de usar e é muito parecido em alguns aspectos

e essa quantidade de armazenamento no SSD é excelente também

parabéns!! 🎉🎉🥳🥳",1,laptops,tech,https://www.reddit.com/r/laptops/comments/1wd1243/i_just_got_this_laptop_for_my_birthday_how_good/,,
It has more features than a MacBook Neo. Good laptop.,1,laptops,tech,https://www.reddit.com/r/laptops/comments/1wd1243/i_just_got_this_laptop_for_my_birthday_how_good/,,
"Great starter for you gang
Whats your purpose with a laptop btw",1,laptops,tech,https://www.reddit.com/r/laptops/comments/1wd1243/i_just_got_this_laptop_for_my_birthday_how_good/,,
"Whatever you do don’t take that sticker off, laptop will implode",1,laptops,tech,https://www.reddit.com/r/laptops/comments/1wd1243/i_just_got_this_laptop_for_my_birthday_how_good/,,
"Well, this might not be the greatest gaming laptop, but damn.. if you had any ambition to create home server from it, it would be amazing machine for that!",1,laptops,tech,https://www.reddit.com/r/laptops/comments/1wd1243/i_just_got_this_laptop_for_my_birthday_how_good/,,
"I think it has Copilot, it will run AI great and it's a great gift.",1,laptops,tech,https://www.reddit.com/r/laptops/comments/1wd1243/i_just_got_this_laptop_for_my_birthday_how_good/,,
I got one love the lil guy. Lol spend more time on it than my desktop.,1,laptops,tech,https://www.reddit.com/r/laptops/comments/1wd1243/i_just_got_this_laptop_for_my_birthday_how_good/,,
"Bad value at 500$, your grandparents made an effort but likely got duped into buying this POS laptop.",1,laptops,tech,https://www.reddit.com/r/laptops/comments/1wd1243/i_just_got_this_laptop_for_my_birthday_how_good/,,
"If im going to be honest with you, HP laptops are dog water. I would go for a lenovo personally.",1,laptops,tech,https://www.reddit.com/r/laptops/comments/1wd1243/i_just_got_this_laptop_for_my_birthday_how_good/,,
Upgrade the SDD and Ram (32GB) and you'll have a good laptop. That 8 GB ram wont be able to handle 3 tabs open on google chrome or Firefox,1,laptops,tech,https://www.reddit.com/r/laptops/comments/1wd1243/i_just_got_this_laptop_for_my_birthday_how_good/,,
Your grandparents are the best this is a pretty solid laptop for college work studying and very light gaming,1,laptops,tech,https://www.reddit.com/r/laptops/comments/1wd1243/i_just_got_this_laptop_for_my_birthday_how_good/,,
It is a gift!!!! It is the best laptop in the universe!!! Period!!!!,1,laptops,tech,https://www.reddit.com/r/laptops/comments/1wd1243/i_just_got_this_laptop_for_my_birthday_how_good/,,
"It's a decent laptop for everyday use. It doesn't have a dedicated separate GPU. Rather, it has a GPU that's integrated into the CPU, with no separate dedicated video RAM. The GPU uses some of the same 8GB of RAM that the CPU uses. This means you can use it for light gaming, but nothing that's too intensive with the 3D graphics rendering. 8GB is the minimum recommended RAM for Windows 11 daily use. This will also limit what kind of games you could play on it.

But for school work, browsing the web, and watching videos, it should perform nicely.

Whether you should return it depends entirely on what you want to do with it.",1,laptops,tech,https://www.reddit.com/r/laptops/comments/1wd1243/i_just_got_this_laptop_for_my_birthday_how_good/,,
"If you focus on indie games, small stuff, or old/retro games, you can achieve quite a lot with such specs! At 500USD it's a pretty good deal, especially nowadays",1,laptops,tech,https://www.reddit.com/r/laptops/comments/1wd1243/i_just_got_this_laptop_for_my_birthday_how_good/,,
"They got a good price yes, and its very good for 500$",1,laptops,tech,https://www.reddit.com/r/laptops/comments/1wd1243/i_just_got_this_laptop_for_my_birthday_how_good/,,
for what? for who?,1,laptops,tech,https://www.reddit.com/r/laptops/comments/1wd1243/i_just_got_this_laptop_for_my_birthday_how_good/,,
"Damn I'm old enough to remember the ORIGINAL Omnibooks, this was before Compaq bought HP and HP became HP invent",1,laptops,tech,https://www.reddit.com/r/laptops/comments/1wd1243/i_just_got_this_laptop_for_my_birthday_how_good/,,
"You wont be playing games on this. However, you wont be playing games on any laptop unless it's very expensive. Laptops are trash for gaming and even specialized gaming laptops burn up fast if you spam games on them",1,laptops,tech,https://www.reddit.com/r/laptops/comments/1wd1243/i_just_got_this_laptop_for_my_birthday_how_good/,,
"See, this is not a machine for hosting 2 datacenter worth of services by any stretch of the imagination, but for regular people stuff, this is a nice machine, you will probably enjoy it. Competent processor, look really nice. It is a little low on storage and ram, but if you ever feel you need more, those are standard components you can upgrade by yourself easily (my gigabyte G5 ge when I bought it I put a 2tb SSD in the same shopping cart and upgraded the storage before the first boot. Later down the road I took out one of the double 8GB ram sticks and put a 32Gb one making it the only 40gb ram machine I ever met).

Make sure you thank them enough, they were so sweet they need to watch out so ants don't find them.",1,laptops,tech,https://www.reddit.com/r/laptops/comments/1wd1243/i_just_got_this_laptop_for_my_birthday_how_good/,,
The device is limited only by the effort you commit to using it for learning. Be thankful and prove that it is the gift that gave you the edge to succeed.,1,laptops,tech,https://www.reddit.com/r/laptops/comments/1wd1243/i_just_got_this_laptop_for_my_birthday_how_good/,,
"Its good for indie games, which are better than most of AAA currently.",1,laptops,tech,https://www.reddit.com/r/laptops/comments/1wd1243/i_just_got_this_laptop_for_my_birthday_how_good/,,
It’s for Studying,1,laptops,tech,https://www.reddit.com/r/laptops/comments/1wd1243/i_just_got_this_laptop_for_my_birthday_how_good/,,
Install retroarch in it and you have plenty of old games to play just fine,1,laptops,tech,https://www.reddit.com/r/laptops/comments/1wd1243/i_just_got_this_laptop_for_my_birthday_how_good/,,
"Put Linux on it and it’ll breeze through everyday stuff, and lighter games. Windows takes its toll though.",1,laptops,tech,https://www.reddit.com/r/laptops/comments/1wd1243/i_just_got_this_laptop_for_my_birthday_how_good/,,
Amazing for normal task work or school but the ram is low windows eat alot of ram thats the only thing you might need to get upgraded other than that its an amazing laptop,1,laptops,tech,https://www.reddit.com/r/laptops/comments/1wd1243/i_just_got_this_laptop_for_my_birthday_how_good/,,
Great Laptop to install linux and work on building up human capital by learning to build stuff,1,laptops,tech,https://www.reddit.com/r/laptops/comments/1wd1243/i_just_got_this_laptop_for_my_birthday_how_good/,,
"A generous gift, which will fulfill all your needs.",1,laptops,tech,https://www.reddit.com/r/laptops/comments/1wd1243/i_just_got_this_laptop_for_my_birthday_how_good/,,
I'd use this laptop its a good one be sure to give your grandparents a hug i wish mine where still here,1,laptops,tech,https://www.reddit.com/r/laptops/comments/1wd1243/i_just_got_this_laptop_for_my_birthday_how_good/,,
"If games why not try cloud games? Geforce now or boosteroid. Currently I have a similar laptop that doesn't play games. Before I had a ""gaming laptop"" was heavy, battery was bad and loud/hot, the games i play runned on it but I got much better performance with geforce (I used back then now I have boosteroid). Had no noise, no heat, laptop was free to use with other things, a guide or something on the other screen. Now I have a laptop without a dedicated graphics card. Battery is better, it's actually portable, much better screen and games play the same, with top performance, as I play with cloud",1,laptops,tech,https://www.reddit.com/r/laptops/comments/1wd1243/i_just_got_this_laptop_for_my_birthday_how_good/,,
you can run every game made before gaming shitification became mainstream including console.,1,laptops,tech,https://www.reddit.com/r/laptops/comments/1wd1243/i_just_got_this_laptop_for_my_birthday_how_good/,,
"It’s HP, so don’t get too attached.",1,laptops,tech,https://www.reddit.com/r/laptops/comments/1wd1243/i_just_got_this_laptop_for_my_birthday_how_good/,,
Bro it still has the sticker?? Your lucky,1,laptops,tech,https://www.reddit.com/r/laptops/comments/1wd1243/i_just_got_this_laptop_for_my_birthday_how_good/,,
"it's comparable to the average 2019 desktop cpu. You can play basic games on it at that 2k resolution like roblox, minecraft, GTA V. Cyberpunk and Forza will struggle. They were $800 but are now about $500 from best buy https://www.bestbuy.com/product/hp-omnibook-3-16-2k-touchscreen-laptop-intel-core-ultra-5-2025-8gb-memory-512gb-ssd-mica-silver/J3YH84S237/sku/6672899",1,laptops,tech,https://www.reddit.com/r/laptops/comments/1wd1243/i_just_got_this_laptop_for_my_birthday_how_good/,,
If i said it's MSRP is 1690$ and during sale you got it for 500$.,1,laptops,tech,https://www.reddit.com/r/laptops/comments/1wd1243/i_just_got_this_laptop_for_my_birthday_how_good/,,
Its the thought that counts,1,laptops,tech,https://www.reddit.com/r/laptops/comments/1wd1243/i_just_got_this_laptop_for_my_birthday_how_good/,,
"I've wondered what a laptop that has AI on it, is going to be good for when I buy one in the future. The lack of mentioned AI benefits isn't helping.",1,laptops,tech,https://www.reddit.com/r/laptops/comments/1wd1243/i_just_got_this_laptop_for_my_birthday_how_good/,,
"I think they overpaid for what the machine itself offers and the retail price borders on absurd, but I also think it's a nice gift and I'm excited for you. That machine might struggle with games that require dedicated graphics, but from what I could find it seems like the CPU is pretty capable and the memory is relatively modern and fast even if it's only 8GB.",1,laptops,tech,https://www.reddit.com/r/laptops/comments/1wd1243/i_just_got_this_laptop_for_my_birthday_how_good/,,
Congrats and I’m sure you can play some games on it. Plenty of older games with amazing graphics that will run.,1,laptops,tech,https://www.reddit.com/r/laptops/comments/1wd1243/i_just_got_this_laptop_for_my_birthday_how_good/,,
"It doesn't matter, it's a gift.",1,laptops,tech,https://www.reddit.com/r/laptops/comments/1wd1243/i_just_got_this_laptop_for_my_birthday_how_good/,,
Is OK. Install Linux,1,laptops,tech,https://www.reddit.com/r/laptops/comments/1wd1243/i_just_got_this_laptop_for_my_birthday_how_good/,,
"Either add memory or try linux on it to see the difference :)

8GB is cutting close nowadays, but you don't look a given horse in the mouth",1,laptops,tech,https://www.reddit.com/r/laptops/comments/1wd1243/i_just_got_this_laptop_for_my_birthday_how_good/,,
If it meets your needs it's more than good enough. Sadly it's not a good time to buy computers (mainly due to ram and storage prices). Use it till it dies or you need something better.,1,laptops,tech,https://www.reddit.com/r/laptops/comments/1wd1243/i_just_got_this_laptop_for_my_birthday_how_good/,,
"It'd be great for school and office work as well as browsing and watching content. As far as gaming goes it's not really made with gaming in mind. As per most machines though you could run plenty of indies, which let's be real, are the bulk of good games these days anyway.

Personally I wouldn't return it and it'd be my dedicated, ""Watch movies and shows in bed"" machine and maybe dabble a little bit in some in-bed indie gaming with a controller. You have awesome grandparents.",1,laptops,tech,https://www.reddit.com/r/laptops/comments/1wd1243/i_just_got_this_laptop_for_my_birthday_how_good/,,
Honestly good and reliable cpu minor gaming? Yeah 100% but that is a damn fine laptop,1,laptops,tech,https://www.reddit.com/r/laptops/comments/1wd1243/i_just_got_this_laptop_for_my_birthday_how_good/,,
"That's fine for browsing and consuming media, office tasks and regular use. Not really gaming (older games and retro will work fine) material, but fine for most other things.",1,laptops,tech,https://www.reddit.com/r/laptops/comments/1wd1243/i_just_got_this_laptop_for_my_birthday_how_good/,,
Not bad… it may even play some light games at acceptable framerate… with 8gb of ram I recommend installing Linux though… windows 11 is known for quickly eating memory…,1,laptops,tech,https://www.reddit.com/r/laptops/comments/1wd1243/i_just_got_this_laptop_for_my_birthday_how_good/,,
Poop,1,laptops,tech,https://www.reddit.com/r/laptops/comments/1wd1243/i_just_got_this_laptop_for_my_birthday_how_good/,,
"Its about right for a $500 laptop, not great, not terrible. The ram is going to be the sticking point, 8GB is not a lot for Windows 11 but RAM is currently wildly expensive so theres not much chance of getting a 16gb model at this price point in the current market. If you are fairly techy, I might try installing linux on it as it would use much less ram as a baseline.",1,laptops,tech,https://www.reddit.com/r/laptops/comments/1wd1243/i_just_got_this_laptop_for_my_birthday_how_good/,,
"Medium office machine. Video, internet, music... super. Best new games will run on lower specs, if they will run. Cs:go, lol, dota, fortnite can run pretty decent.",1,laptops,tech,https://www.reddit.com/r/laptops/comments/1wd1243/i_just_got_this_laptop_for_my_birthday_how_good/,,
"slap linux on it and you'll have a solid laptop for a long time, a loooong time.",1,laptops,tech,https://www.reddit.com/r/laptops/comments/1wd1243/i_just_got_this_laptop_for_my_birthday_how_good/,,
"This is an excellent birthday gift from your grandparents. Kinda messed up questioning decent gifts from those who love you, especially when you were expecting less.

I assume you're still in school or your grandparents want you to go to college. This should be more than enough to get you through, unless you do engineering and need to do some CAD work, then you'll need to check the graphics card and upgrade the RAM.",1,laptops,tech,https://www.reddit.com/r/laptops/comments/1wd1243/i_just_got_this_laptop_for_my_birthday_how_good/,,
Happy birthday..!! Its a thoughtful present and your grandparents love you very much.,1,laptops,tech,https://www.reddit.com/r/laptops/comments/1wd1243/i_just_got_this_laptop_for_my_birthday_how_good/,,
"that has snapdragon processor and I have no idea if it’s good I know Intel is good but some comments here say that it has soldered ram so if you can get a receipt to return coz soldered ram is no good, it’s your choice.",1,laptops,tech,https://www.reddit.com/r/laptops/comments/1wd1243/i_just_got_this_laptop_for_my_birthday_how_good/,,
Mandatory “dual boot Linux with only 8gb ram” comment,1,laptops,tech,https://www.reddit.com/r/laptops/comments/1wd1243/i_just_got_this_laptop_for_my_birthday_how_good/,,
"Good one, check if you can upgrade for more RAM and its good for working",1,laptops,tech,https://www.reddit.com/r/laptops/comments/1wd1243/i_just_got_this_laptop_for_my_birthday_how_good/,,
"8GB RAM ONLY? Crap, Win 11 alone will eat it",1,laptops,tech,https://www.reddit.com/r/laptops/comments/1wd1243/i_just_got_this_laptop_for_my_birthday_how_good/,,
It's brilliant especially if you switch to Linux straight away!,1,laptops,tech,https://www.reddit.com/r/laptops/comments/1wd1243/i_just_got_this_laptop_for_my_birthday_how_good/,,
"its not bad! no GPU and low RAM, which no one will be buying new under 1k anyways.

your grandparents must adore you, this is a great gift. a good laptop to learn on, and it should run many of imo the best games, indie titles that dont need complex shaders.

low poly / low spec games are in a renaissance right now. lots of fun to be had, just dont expect console level visuals or framerates in any aaa games",1,laptops,tech,https://www.reddit.com/r/laptops/comments/1wd1243/i_just_got_this_laptop_for_my_birthday_how_good/,,
"It's pretty good for the price, yeah. You have lovely parents, be thankful about that.",1,laptops,tech,https://www.reddit.com/r/laptops/comments/1wd1243/i_just_got_this_laptop_for_my_birthday_how_good/,,
its good. needs more ram.,1,laptops,tech,https://www.reddit.com/r/laptops/comments/1wd1243/i_just_got_this_laptop_for_my_birthday_how_good/,,
Ditch the OS & install Linux!,1,laptops,tech,https://www.reddit.com/r/laptops/comments/1wd1243/i_just_got_this_laptop_for_my_birthday_how_good/,,
It’s fantastic because it was a gift,1,laptops,tech,https://www.reddit.com/r/laptops/comments/1wd1243/i_just_got_this_laptop_for_my_birthday_how_good/,,
"With 8GB or RAM, you can play Minecraft but nothing else. Even if you swapped the ram, you'll still have no dGPU (dedicated graphic card) so games still won't run.

It has one massive advantage for school tough. You'll love the touch screen. I've never had it since no one was making gaming laptops with touchscreens (idk if they do now) when we were choosing my laptop. Haven't googled it, but I heard that laptops with touchscreens have either a detachable screen or you can at least turn it all the way back and use the laptop as a tablet.",1,laptops,tech,https://www.reddit.com/r/laptops/comments/1wd1243/i_just_got_this_laptop_for_my_birthday_how_good/,,
congrats OP,1,laptops,tech,https://www.reddit.com/r/laptops/comments/1wd1243/i_just_got_this_laptop_for_my_birthday_how_good/,,
"ram is eh
but it is a present and it is awesome",1,laptops,tech,https://www.reddit.com/r/laptops/comments/1wd1243/i_just_got_this_laptop_for_my_birthday_how_good/,,
"Not a gaming laptop at all. The battery will last a good time, and you will be able to work with office softwares. If you intend to play video games that is not the computer for that. Even 3D modeling can be hard to do with 8gb ram.

Good for students who depends on office work it will last at least 8 hours without plugs.

Bad for advanced processing softwares and games.",1,laptops,tech,https://www.reddit.com/r/laptops/comments/1wd1243/i_just_got_this_laptop_for_my_birthday_how_good/,,
Good laptop only thing to worry about with hp laptops are the hinges,1,laptops,tech,https://www.reddit.com/r/laptops/comments/1wd1243/i_just_got_this_laptop_for_my_birthday_how_good/,,
8GB + windows 11 is a deathwish.,1,laptops,tech,https://www.reddit.com/r/laptops/comments/1wd1243/i_just_got_this_laptop_for_my_birthday_how_good/,,
"It can definitely run indie games, older games like tf2, csgo, just mess around with demos and free games",1,laptops,tech,https://www.reddit.com/r/laptops/comments/1wd1243/i_just_got_this_laptop_for_my_birthday_how_good/,,
"Its a gift, and you say thank you. That is it.

But the ""HP"" will tell you its an office machine. Basic things. DOcuments, spreadsheets, email, internet, streaming stuff, etc.

What I tell my kids is if you get a gift you can't use, don't like, or want a better version, unless you have a receipt, you're stuck with it. I will not let my kids return something and have the gifter see it was returned. Now, if the store accepts it for an exchange at the THEN price, im good with that if they pay the difference.",1,laptops,tech,https://www.reddit.com/r/laptops/comments/1wd1243/i_just_got_this_laptop_for_my_birthday_how_good/,,
They say dont look a gifted horse in its mouth,1,laptops,tech,https://www.reddit.com/r/laptops/comments/1wd1243/i_just_got_this_laptop_for_my_birthday_how_good/,,
"Solid mid-range laptop.

Looks good. Lots of cool stuff you can do on it.",1,laptops,tech,https://www.reddit.com/r/laptops/comments/1wd1243/i_just_got_this_laptop_for_my_birthday_how_good/,,
"It’s a good laptop should run ok games maybe not intensive FPS games but it will be great for school work, YouTube, spread sheets etc. it will be fine for all around computer work. Is it the best? Not by a long shot but too gaming computers today can run up to $10,000.",1,laptops,tech,https://www.reddit.com/r/laptops/comments/1wd1243/i_just_got_this_laptop_for_my_birthday_how_good/,,
im so fuckin' happy for you its a great present,1,laptops,tech,https://www.reddit.com/r/laptops/comments/1wd1243/i_just_got_this_laptop_for_my_birthday_how_good/,,
"Solid ps2, indie pc, and xbox one/ps4 era games should be good for the most part as long as they're not super demanding.",1,laptops,tech,https://www.reddit.com/r/laptops/comments/1wd1243/i_just_got_this_laptop_for_my_birthday_how_good/,,
Yeah it’s decent and if it can be upgraded even better. Your grandparents are cool people Edit * we use to run pro tools with far less spec and that program is very demanding and eats processors for fun lol,1,laptops,tech,https://www.reddit.com/r/laptops/comments/1wd1243/i_just_got_this_laptop_for_my_birthday_how_good/,,
It’s great to watch YouTube that’s it nothing else can run on it lol,1,laptops,tech,https://www.reddit.com/r/laptops/comments/1wd1243/i_just_got_this_laptop_for_my_birthday_how_good/,,
It's a great laptop!,1,laptops,tech,https://www.reddit.com/r/laptops/comments/1wd1243/i_just_got_this_laptop_for_my_birthday_how_good/,,
Cooked,1,laptops,tech,https://www.reddit.com/r/laptops/comments/1wd1243/i_just_got_this_laptop_for_my_birthday_how_good/,,
Put Linux on it. SSD is a good start. 8 gb is a sign of the times. Unsure if it’s integral ram or can be upgraded later,1,laptops,tech,https://www.reddit.com/r/laptops/comments/1wd1243/i_just_got_this_laptop_for_my_birthday_how_good/,,
"Not that many games but perfectly adequate PC. You can play Minecraft, Terraria, etc.

Don't return it unless you want to pay the difference. Not enough RAM but that's the cost of AI slop everywhere you look.",1,laptops,tech,https://www.reddit.com/r/laptops/comments/1wd1243/i_just_got_this_laptop_for_my_birthday_how_good/,,
"To be frank, you should keep your expectations very low with regards to gaming.",1,laptops,tech,https://www.reddit.com/r/laptops/comments/1wd1243/i_just_got_this_laptop_for_my_birthday_how_good/,,
Return it. It has been infected with AI,1,laptops,tech,https://www.reddit.com/r/laptops/comments/1wd1243/i_just_got_this_laptop_for_my_birthday_how_good/,,
Good laptop... Use it ... Should be good for casual and office works ... Heavy graphic demanding work may not work that well but pretty powerful laptop this is,1,laptops,tech,https://www.reddit.com/r/laptops/comments/1wd1243/i_just_got_this_laptop_for_my_birthday_how_good/,,
"8GB ddr5, better sleep with one eye open",1,laptops,tech,https://www.reddit.com/r/laptops/comments/1wd1243/i_just_got_this_laptop_for_my_birthday_how_good/,,
Should have bought a cake. Those taste better.,1,laptops,tech,https://www.reddit.com/r/laptops/comments/1wd1243/i_just_got_this_laptop_for_my_birthday_how_good/,,
"I'd say, because your grandparents got it. It's a great laptop. Can't go wrong

Now if you are wondering about the specs. If you are looking to just do basic computing i.e. emails, school work, watch YouTube, etc. It's solid and should be fine. 8gb or ram isn't the best but it is good enough for any of these uses.

If you are looking to play computer games on steam or something. Well good luck, you won't be able to play any games on it

That being said. It's solid. I have a similar spec, it works fine and is fast enough to do all the basic things I need",1,laptops,tech,https://www.reddit.com/r/laptops/comments/1wd1243/i_just_got_this_laptop_for_my_birthday_how_good/,,
"Enjoy, and if you can. Try limux on it.",1,laptops,tech,https://www.reddit.com/r/laptops/comments/1wd1243/i_just_got_this_laptop_for_my_birthday_how_good/,,
"This laptop is great for everything except modern games. Nice screen, good processor, decent drive, etc.

It would be okay for many games if it had 16GB ram, but just 8GB is too low because the integrated graphics needs some of that too - that is the problem more so than the integrated graphics which are not that bad.

That said, it will still be fine for light and indie games, older AAA games.

I wouldn't advise you to go rushing out to upgrade the RAM unless you desperately want to play something specific, it's a brand new laptop, it's a great gift.",1,laptops,tech,https://www.reddit.com/r/laptops/comments/1wd1243/i_just_got_this_laptop_for_my_birthday_how_good/,,
You don't return it! Trust me on this. Nothing will be worth the regret you will feel a few years in the future when you realise how sad that made your grandparents.,1,laptops,tech,https://www.reddit.com/r/laptops/comments/1wd1243/i_just_got_this_laptop_for_my_birthday_how_good/,,
"Just a tip if you see this OP, that was a really great gift and you really should try to focus on the things you are now able to do, instead of the things you can't",1,laptops,tech,https://www.reddit.com/r/laptops/comments/1wd1243/i_just_got_this_laptop_for_my_birthday_how_good/,,
"I would say it’s a pretty standard run of the mill laptop. It depends heavily on what you want to use it for. For gaming you will struggle with most medium+ load games. Work flow and all will be fine

Just a office laptop tbh",1,laptops,tech,https://www.reddit.com/r/laptops/comments/1wd1243/i_just_got_this_laptop_for_my_birthday_how_good/,,
thank your grandpa. what do you need it for?,1,laptops,tech,https://www.reddit.com/r/laptops/comments/1wd1243/i_just_got_this_laptop_for_my_birthday_how_good/,,
Take care of the hinges,1,laptops,tech,https://www.reddit.com/r/laptops/comments/1wd1243/i_just_got_this_laptop_for_my_birthday_how_good/,,
"You won’t be running games but it’s great for normal productivity and entertainment. 8GB of ram is its weakest link, but 8 is still fine if you’re not doing heavy multitasking or using resource intensive programs.",1,laptops,tech,https://www.reddit.com/r/laptops/comments/1wd1243/i_just_got_this_laptop_for_my_birthday_how_good/,,
Atleast it’s touch screen,1,laptops,tech,https://www.reddit.com/r/laptops/comments/1wd1243/i_just_got_this_laptop_for_my_birthday_how_good/,,
"You won't be playing Stellaris, but you will enjoy it. At least until you upgrade the ram",1,laptops,tech,https://www.reddit.com/r/laptops/comments/1wd1243/i_just_got_this_laptop_for_my_birthday_how_good/,,
Yeah 8gb ram is not enough nowadays,1,laptops,tech,https://www.reddit.com/r/laptops/comments/1wd1243/i_just_got_this_laptop_for_my_birthday_how_good/,,
"My 15 year old thinkpad is also ""AI enhanced"". Ai is entirely (most of the time) on the internet. Marketing almost always relies on ignorance.

It's a good laptop for the price.",1,laptops,tech,https://www.reddit.com/r/laptops/comments/1wd1243/i_just_got_this_laptop_for_my_birthday_how_good/,,
Your family really really wants to grow and abandon the nest. Every parent that gifts an AI laptop is yelling and waiting for their sons departure to live again. Period.,1,laptops,tech,https://www.reddit.com/r/laptops/comments/1wd1243/i_just_got_this_laptop_for_my_birthday_how_good/,,
"Honestly, it’s great for light gaming, wouldn’t recommend trying to run a game like say Elden Ring or Forza 6 games like that will run but they’ll be extremely laggy and not incredibly responsive, for your grandparents to get this for you it is an amazing present especially for the price, this can run games like Fortnite, roblox, Minecraft, LoL, GTA V (not amazing but can still run and play), Stardew, Etc. so mostly low demanding games",1,laptops,tech,https://www.reddit.com/r/laptops/comments/1wd1243/i_just_got_this_laptop_for_my_birthday_how_good/,,
Last time I had a computer with 8Gb of RAM more than 10 years ago... My phone have 8Gb of RAM rn... Idk what to do on device with this amount of memory in 2026...,1,laptops,tech,https://www.reddit.com/r/laptops/comments/1wd1243/i_just_got_this_laptop_for_my_birthday_how_good/,,
"you need to upgrade the ram, you cant do anything with 8gb with windows os",1,laptops,tech,https://www.reddit.com/r/laptops/comments/1wd1243/i_just_got_this_laptop_for_my_birthday_how_good/,,
"Es buena brother, si estudias es suficiente. Cuando trabajes te compras la que quieras",1,laptops,tech,https://www.reddit.com/r/laptops/comments/1wd1243/i_just_got_this_laptop_for_my_birthday_how_good/,,
"You can be plenty productive with those specs, and it was a fantastic present. Congratulation! :)",1,laptops,tech,https://www.reddit.com/r/laptops/comments/1wd1243/i_just_got_this_laptop_for_my_birthday_how_good/,,
Its a good school laptop.,1,laptops,tech,https://www.reddit.com/r/laptops/comments/1wd1243/i_just_got_this_laptop_for_my_birthday_how_good/,,
"touchscreen on a laptop is a very underrated feature. It’s not something i personally need, but it is very nice to have for like reading an article and scrolling down slowly as you read. it’s a nice feature.

W grandparents",1,laptops,tech,https://www.reddit.com/r/laptops/comments/1wd1243/i_just_got_this_laptop_for_my_birthday_how_good/,,
"Looks great to me, there are people out there who love you. Enjoy it. 💻",1,laptops,tech,https://www.reddit.com/r/laptops/comments/1wd1243/i_just_got_this_laptop_for_my_birthday_how_good/,,
"Great laptop, but I recommend getting another 8GB of ram for it.",1,laptops,tech,https://www.reddit.com/r/laptops/comments/1wd1243/i_just_got_this_laptop_for_my_birthday_how_good/,,
If you don't want it I'll take it,1,laptops,tech,https://www.reddit.com/r/laptops/comments/1wd1243/i_just_got_this_laptop_for_my_birthday_how_good/,,
"https://www.hp.com/us-en/shop/pdp/hp-omnibook-3-laptop-16t-bu000-16-c40fhav-1?jumpid=ma_labor-day-sale_product-tile_laptops_10_c40fhav-1_hp-omnibook-3-laptop

What can you do with this laptop- anything it can run.

Gaming - not much - intergrated GPU - so you can play basic stuff.

Your call on your gifts. If you have more money you can always return and buy a better gaming machine but from the questions I think you are probably under 18 and you parents + grandparents would be disappointed in you for treating their gift with such disrespect.",1,laptops,tech,https://www.reddit.com/r/laptops/comments/1wd1243/i_just_got_this_laptop_for_my_birthday_how_good/,,
It is for a starter laptop light gaming but you can cloud game,1,laptops,tech,https://www.reddit.com/r/laptops/comments/1wd1243/i_just_got_this_laptop_for_my_birthday_how_good/,,
It's quite impressive tbh,1,laptops,tech,https://www.reddit.com/r/laptops/comments/1wd1243/i_just_got_this_laptop_for_my_birthday_how_good/,,
"Define ""good""",1,laptops,tech,https://www.reddit.com/r/laptops/comments/1wd1243/i_just_got_this_laptop_for_my_birthday_how_good/,,
"It seams that they took an effort to show how much love you, so use it with respect and take the most of it for education, not to waste it on gaming…
See if you can upgrade memory and it will serve you well!",1,laptops,tech,https://www.reddit.com/r/laptops/comments/1wd1243/i_just_got_this_laptop_for_my_birthday_how_good/,,
It’s not bad. It’ll do anything you’d expect a basic laptop to do. Won’t be able to run games or intense software but fine for browser and files n shi,1,laptops,tech,https://www.reddit.com/r/laptops/comments/1wd1243/i_just_got_this_laptop_for_my_birthday_how_good/,,
"This is the best you can get, be happy with a Powerful laptop that you can experiment like Linux",1,laptops,tech,https://www.reddit.com/r/laptops/comments/1wd1243/i_just_got_this_laptop_for_my_birthday_how_good/,,
Does it's job but don't expect too much from it . Gaming or video editing etc.,1,laptops,tech,https://www.reddit.com/r/laptops/comments/1wd1243/i_just_got_this_laptop_for_my_birthday_how_good/,,
You got a free gift by people who love you. Is it the best? No. But remember to be thankful,1,laptops,tech,https://www.reddit.com/r/laptops/comments/1wd1243/i_just_got_this_laptop_for_my_birthday_how_good/,,
It's ok but that 8gb of ram is really limiting with windows 11,1,laptops,tech,https://www.reddit.com/r/laptops/comments/1wd1243/i_just_got_this_laptop_for_my_birthday_how_good/,,
It will run Linux without any problems.,1,laptops,tech,https://www.reddit.com/r/laptops/comments/1wd1243/i_just_got_this_laptop_for_my_birthday_how_good/,,
"It's only as good at the user, so it's amazing",1,laptops,tech,https://www.reddit.com/r/laptops/comments/1wd1243/i_just_got_this_laptop_for_my_birthday_how_good/,,
"pretty decent actually, way better then my current laptop",1,laptops,tech,https://www.reddit.com/r/laptops/comments/1wd1243/i_just_got_this_laptop_for_my_birthday_how_good/,,
"A very nice gift! It won't run the latest games but as far as utilities go it'll be great for everyday tasks like email, YouTube, very light gaming, ect",1,laptops,tech,https://www.reddit.com/r/laptops/comments/1wd1243/i_just_got_this_laptop_for_my_birthday_how_good/,,
"That processor is the newest for computers right now. They come in 5, 7, and 9. Youre just missing a bit of ram and a good graphics card. But still a solid computer. I have an Omnibook 7 with the same processor.",1,laptops,tech,https://www.reddit.com/r/laptops/comments/1wd1243/i_just_got_this_laptop_for_my_birthday_how_good/,,
"You’re grandparents love you, appreciate that is my only advice",1,laptops,tech,https://www.reddit.com/r/laptops/comments/1wd1243/i_just_got_this_laptop_for_my_birthday_how_good/,,
Install Stardew valley or hollow knight and enjoy it.,1,laptops,tech,https://www.reddit.com/r/laptops/comments/1wd1243/i_just_got_this_laptop_for_my_birthday_how_good/,,
The best because it was given by people who love you,1,laptops,tech,https://www.reddit.com/r/laptops/comments/1wd1243/i_just_got_this_laptop_for_my_birthday_how_good/,,
"It’s a nice laptop for just browsing, doing some light work and light gaming, and for some work or maybe some light coding too. It’s a nice present",1,laptops,tech,https://www.reddit.com/r/laptops/comments/1wd1243/i_just_got_this_laptop_for_my_birthday_how_good/,,
What a lovely gift from your grandparents! Make sure they know how much you appreciate it !,1,laptops,tech,https://www.reddit.com/r/laptops/comments/1wd1243/i_just_got_this_laptop_for_my_birthday_how_good/,,
"8GB ram

Windows 11

Yeah, this will end well (not)",1,laptops,tech,https://www.reddit.com/r/laptops/comments/1wd1243/i_just_got_this_laptop_for_my_birthday_how_good/,,
"Pretty solid, decent specs",1,laptops,tech,https://www.reddit.com/r/laptops/comments/1wd1243/i_just_got_this_laptop_for_my_birthday_how_good/,,
Free is pretty fuckin awesome these days,1,laptops,tech,https://www.reddit.com/r/laptops/comments/1wd1243/i_just_got_this_laptop_for_my_birthday_how_good/,,
"Great laptop , upgrade the ram to 16 gigs whenever you need it and are able to",1,laptops,tech,https://www.reddit.com/r/laptops/comments/1wd1243/i_just_got_this_laptop_for_my_birthday_how_good/,,
"is a good enough entry level laptop, good screen and fairly good specs for casual gaming",1,laptops,tech,https://www.reddit.com/r/laptops/comments/1wd1243/i_just_got_this_laptop_for_my_birthday_how_good/,,
It'll run Terraria and Stardew Valley no prob. My first runs were on a literal toaster 😂,1,laptops,tech,https://www.reddit.com/r/laptops/comments/1wd1243/i_just_got_this_laptop_for_my_birthday_how_good/,,
"Good enough to be thankful for. That is a nice gift, good for school/remote work, can play more games than you'd expect. I don't think you should consider returning it for an upgrade even if you want to do more than that. This is a very thoughtful gift and I don't think you should risk hurting their feelings, they obviously care about you.",1,laptops,tech,https://www.reddit.com/r/laptops/comments/1wd1243/i_just_got_this_laptop_for_my_birthday_how_good/,,
"everything about its great for the price, rams a little low but youl be ok.",1,laptops,tech,https://www.reddit.com/r/laptops/comments/1wd1243/i_just_got_this_laptop_for_my_birthday_how_good/,,
Easy Answer: Upgrade ram and be grateful of this wonderful gift,1,laptops,tech,https://www.reddit.com/r/laptops/comments/1wd1243/i_just_got_this_laptop_for_my_birthday_how_good/,,
"Not bad, i wouldnt use it to play modern triple a titles but you can get away with playing 5 year old triple a's",1,laptops,tech,https://www.reddit.com/r/laptops/comments/1wd1243/i_just_got_this_laptop_for_my_birthday_how_good/,,
"If video game streaming is an option, literally any device these days seems to allow GeForce NOW. You can link up many of your accounts and stream through it - this would be the way for so many games, but definitely highlighting on those AAA games.

Biggest helper more than what games can you play? Battery life saver. Games chomp your batteries natively on laptops otherwise.",1,laptops,tech,https://www.reddit.com/r/laptops/comments/1wd1243/i_just_got_this_laptop_for_my_birthday_how_good/,,
"I don't think it has a video card, but u could probably still play solitaire and tetris",1,laptops,tech,https://www.reddit.com/r/laptops/comments/1wd1243/i_just_got_this_laptop_for_my_birthday_how_good/,,
Just make sure to turn off the MS Copilot AI spyware.,1,laptops,tech,https://www.reddit.com/r/laptops/comments/1wd1243/i_just_got_this_laptop_for_my_birthday_how_good/,,
"It’s a a good $500 laptop. You’ll get a little better performance out of it if you uninstall Copilot and tweak the Windows settings.

You’re not going to do a lot of gaming on it. Maybe Minecraft at low settings or older games. It’ll be good for most schoolwork, Internet, and email.

If you keep it, check if you can upgrade the RAM to 16GB. That would go a long way towards making it run better.",1,laptops,tech,https://www.reddit.com/r/laptops/comments/1wd1243/i_just_got_this_laptop_for_my_birthday_how_good/,,
"Wigga, you got a laptop for FREE and you ask how good it is?

The price to performance ratio is unbeatable - it was free!

You can use the laptop to google the words ""gratitude"" and ""humility"".

Give your grandparents a kiss each and enjoy your new laptop.",1,laptops,tech,https://www.reddit.com/r/laptops/comments/1wd1243/i_just_got_this_laptop_for_my_birthday_how_good/,,
sell and get pc so you can play 4k 120fps and not that garbage id kms if i got caught with that btw where can i find roblox furry games to do the rampage dance on them,1,laptops,tech,https://www.reddit.com/r/laptops/comments/1wd1243/i_just_got_this_laptop_for_my_birthday_how_good/,,
Mid,1,laptops,tech,https://www.reddit.com/r/laptops/comments/1wd1243/i_just_got_this_laptop_for_my_birthday_how_good/,,
For free amazing,1,laptops,tech,https://www.reddit.com/r/laptops/comments/1wd1243/i_just_got_this_laptop_for_my_birthday_how_good/,,
"Not to the OP's point, but love that the box states ""SODIMM"" -- I bought a machine in a rush in 2023 for work, and didn't realise that the 8 gb was soldered so no upgrades :/",1,laptops,tech,https://www.reddit.com/r/laptops/comments/1wd1243/i_just_got_this_laptop_for_my_birthday_how_good/,,
"low-medium (900p) settings in games, coding, light editing, etc.",1,laptops,tech,https://www.reddit.com/r/laptops/comments/1wd1243/i_just_got_this_laptop_for_my_birthday_how_good/,,
"It’s a nice present.

Laptops are more expensive,",1,laptops,tech,https://www.reddit.com/r/laptops/comments/1wd1243/i_just_got_this_laptop_for_my_birthday_how_good/,,
"Very sharp 94 ppi at 300 nits 😁 Tbh, I'd have returned it and gotten a used thinkpad",1,laptops,tech,https://www.reddit.com/r/laptops/comments/1wd1243/i_just_got_this_laptop_for_my_birthday_how_good/,,
Great for studying and everything but that was from your grandparents you gotta appreciate it,1,laptops,tech,https://www.reddit.com/r/laptops/comments/1wd1243/i_just_got_this_laptop_for_my_birthday_how_good/,,
Ram meh,1,laptops,tech,https://www.reddit.com/r/laptops/comments/1wd1243/i_just_got_this_laptop_for_my_birthday_how_good/,,
"Your grandparents are amazing. Just imagine them putting the effort to find a laptop that is modern and quite decent that would fit the budget for you. Just to compare, I got a calculator on my birthday.lol",1,laptops,tech,https://www.reddit.com/r/laptops/comments/1wd1243/i_just_got_this_laptop_for_my_birthday_how_good/,,
"For everyday browsing/office work? Will do great.

Gaming? Very old titles.

Visual/Video work? It will fry.",1,laptops,tech,https://www.reddit.com/r/laptops/comments/1wd1243/i_just_got_this_laptop_for_my_birthday_how_good/,,
"Its OK for work but for gaming its not that good, only 8gb of ram, todays standard is at least 16gb, and no gpu, only integrated",1,laptops,tech,https://www.reddit.com/r/laptops/comments/1wd1243/i_just_got_this_laptop_for_my_birthday_how_good/,,
Great laptop! Not some sort of gaming beast but you’ll feel very comfortable doing day to day tasks with ease!,1,laptops,tech,https://www.reddit.com/r/laptops/comments/1wd1243/i_just_got_this_laptop_for_my_birthday_how_good/,,
"decent laptop for the price, you won't find much better if you return it. just keep it

as far as games go, you could play literally any game made before like 2016-ish, and for newer games you can play a lot of less resource intensive games (LoL, valorant, CS2 maybe) and basically any indie game since those rarely need a lot of power",1,laptops,tech,https://www.reddit.com/r/laptops/comments/1wd1243/i_just_got_this_laptop_for_my_birthday_how_good/,,
"First you should do is upgrading your ram and ssd if you want to play any game. Most of hard games you will not be able to play, but others yes. Ram and ssd 32gb if the laptop let it and 1Tb ssd.",1,laptops,tech,https://www.reddit.com/r/laptops/comments/1wd1243/i_just_got_this_laptop_for_my_birthday_how_good/,,
It is comparable to the Macbook Neo (due to the RAM amount) except it has Windows and a touchscreen,1,laptops,tech,https://www.reddit.com/r/laptops/comments/1wd1243/i_just_got_this_laptop_for_my_birthday_how_good/,,
"It looks like a nice laptop. It works great for browsing, text editing, programming, etc., but it isn't the best for gaming. The integrated graphics and the RAM is a bit on the weaker side. Indie games and pre-2020 games run fine on lower settings. If you're interested in running AI locally, then this laptop is great for smaller models (7B or lower at FP16) because of the NPU.",1,laptops,tech,https://www.reddit.com/r/laptops/comments/1wd1243/i_just_got_this_laptop_for_my_birthday_how_good/,,
It’s a present so it’s nice but 8gb of ram is rough,1,laptops,tech,https://www.reddit.com/r/laptops/comments/1wd1243/i_just_got_this_laptop_for_my_birthday_how_good/,,
"Gaming, lower end requirement games, yes, bigger games, no.

Anything else except rendering software thatll chew up ram, yes.",1,laptops,tech,https://www.reddit.com/r/laptops/comments/1wd1243/i_just_got_this_laptop_for_my_birthday_how_good/,,
This is a great laptop for Linux!,1,laptops,tech,https://www.reddit.com/r/laptops/comments/1wd1243/i_just_got_this_laptop_for_my_birthday_how_good/,,
"The best use of this laptop would be to use for school, work, research and web browsing. It doesnt have a lot of RAM or enhanced graphics card so doing 3D renderings and AAA pc games would be making that laptop overheat and programs crashing a lot.

If you are in school this is perfect, but youd probably want a console to play games on the side",1,laptops,tech,https://www.reddit.com/r/laptops/comments/1wd1243/i_just_got_this_laptop_for_my_birthday_how_good/,,
Should run Gta 6 no problems,1,laptops,tech,https://www.reddit.com/r/laptops/comments/1wd1243/i_just_got_this_laptop_for_my_birthday_how_good/,,
It’s great for light office work or school but that’s all it could handle.,1,laptops,tech,https://www.reddit.com/r/laptops/comments/1wd1243/i_just_got_this_laptop_for_my_birthday_how_good/,,
"Not the best, but not terrible. Good CPU, meh RAM (8GB should be considered a minimum acceptable), 512 SSD is good, the touchscreen is interesting but don’t know if it’s useful.

You can play older games that aren’t very graphically intensive. Integrated graphics, even in recent CPUs, aren’t as good as dedicated graphics unless you compare with very old dedicated graphics. Even newer ones if they’re not particularly graphically intensive.

For games, if they lag you can always reduce resolution and quality as needed to get your frame rate to acceptable levels. Do not expect to play competitive esports games (although old ones may work)",1,laptops,tech,https://www.reddit.com/r/laptops/comments/1wd1243/i_just_got_this_laptop_for_my_birthday_how_good/,,
"For the price it is a good value. However, this model has the cheap frame and body with good internal parts. I would be careful with the hinges when open the laptop. HP is well known for building laptop with poor quality hinges.

The 2K isn't 2K is just 1200 instead of 1080 in resolution if you are connecting it to a TV make sure to change the resolution to 1920×1080.",1,laptops,tech,https://www.reddit.com/r/laptops/comments/1wd1243/i_just_got_this_laptop_for_my_birthday_how_good/,,
This is what I use for school. It’s fine. Games are hit or miss Youre gonna have trouble with some bigger ones. But I do have gamepass and a lot of the cloud games do surprisingly well. It’s cool Youre already grateful because it’s a good little computer just not a gaming computer per se,1,laptops,tech,https://www.reddit.com/r/laptops/comments/1wd1243/i_just_got_this_laptop_for_my_birthday_how_good/,,
Its better than the $200 laptop u were expecting. Games....essentially nil....some web based retro stuff. There r specific websites for determining what ur pc can play,1,laptops,tech,https://www.reddit.com/r/laptops/comments/1wd1243/i_just_got_this_laptop_for_my_birthday_how_good/,,
"Asjeblieft, doe geen games op een apparaat zonder dedicated video kaart.. tenzij je van plan bent om dingen als roblox te gaan doen ofzo, dan is het prima.",1,laptops,tech,https://www.reddit.com/r/laptops/comments/1wd1243/i_just_got_this_laptop_for_my_birthday_how_good/,,
Good for office work and some light gaming but a bit lacking in terms of storage,1,laptops,tech,https://www.reddit.com/r/laptops/comments/1wd1243/i_just_got_this_laptop_for_my_birthday_how_good/,,
Laptop decent can do all your everyday tasks without an issue,1,laptops,tech,https://www.reddit.com/r/laptops/comments/1wd1243/i_just_got_this_laptop_for_my_birthday_how_good/,,
"In order:

Is this a good laptop?

Yes and no, the processor is mid-tier and could handle some heavier work but it is a ""5"" and ""U"" series so worst possible. It is great for ordinary every-day tasks, very bad the moment you get into professionale work/gaming.

Did they get it for a good price?

I don't know where you live so prices cant be estimated, but it seems a good price.

What can I do with this laptop?

Browsing, media consumption, LIGHT photo editing and browser-based gaming.

What games can i play on this laptop?

Sadly, this laptop has a iGPU, so no dedicated GPU to play games. You'll be limited to browser-based games, Minecraft and Roblox. Don't expect console-level gaming.

What else should i do with it?

Whatever you want.

Should i return it?

Depends and it's your choice. If you asked for a gaming laptop, yes, you wont game on this. If you just asked for a laptop, no, keep it. Remember that your grandparents may not know anything about laptops and retuning it would made them feel bad.",1,laptops,tech,https://www.reddit.com/r/laptops/comments/1wd1243/i_just_got_this_laptop_for_my_birthday_how_good/,,
Happy birthday!,1,laptops,tech,https://www.reddit.com/r/laptops/comments/1wd1243/i_just_got_this_laptop_for_my_birthday_how_good/,,
"Dude I grew up trying to run modded Minecraft on my mom’s busted old plastic MacBook. Having your own new PC is great! I’m sure you’re well aware that it’s not a performance beast or anything, but you can still do just about anything if you’re crafty and patient enough.",1,laptops,tech,https://www.reddit.com/r/laptops/comments/1wd1243/i_just_got_this_laptop_for_my_birthday_how_good/,,
"Sure, it's a fine laptop for basic, general use, and would run like a dream with Linux.",1,laptops,tech,https://www.reddit.com/r/laptops/comments/1wd1243/i_just_got_this_laptop_for_my_birthday_how_good/,,
"It’s a good gift and I would be grateful. I got my computer a year ago and it is a metal hp Omni book 5. It came with 16gb of ram and a great processor. It was $500 when I got it, but I’m sure prices have changed some",1,laptops,tech,https://www.reddit.com/r/laptops/comments/1wd1243/i_just_got_this_laptop_for_my_birthday_how_good/,,
"Not sure if anyone mentioned, but for games u can try cloud gaming (Nvidia Geforce now) should work very well",1,laptops,tech,https://www.reddit.com/r/laptops/comments/1wd1243/i_just_got_this_laptop_for_my_birthday_how_good/,,
"Its good. Not great, but pretty decent. I could only dream of having this. Getting it as a gift is insane tho!!! U should be rlly grateful :3",1,laptops,tech,https://www.reddit.com/r/laptops/comments/1wd1243/i_just_got_this_laptop_for_my_birthday_how_good/,,
"Nice laptop for Linux, good stuff",1,laptops,tech,https://www.reddit.com/r/laptops/comments/1wd1243/i_just_got_this_laptop_for_my_birthday_how_good/,,
"Its pretty damn good Icl, although it does suck that they could've gotten you something waaaay better for the same price in ebay, it would've had scratches but waaaaaaaay better specs. Still a good laptop either way",1,laptops,tech,https://www.reddit.com/r/laptops/comments/1wd1243/i_just_got_this_laptop_for_my_birthday_how_good/,,
"If you want to game on it, look into GeForce Now and other streaming solutions, or an EGPU",1,laptops,tech,https://www.reddit.com/r/laptops/comments/1wd1243/i_just_got_this_laptop_for_my_birthday_how_good/,,
"Perfect for school or light office work

Main thing that might hold it back for more complex tasks is the 8GB ram, but that is windows 11's fault

500 is realistically around the price for these machines in today's market

800 was daylight robbery",1,laptops,tech,https://www.reddit.com/r/laptops/comments/1wd1243/i_just_got_this_laptop_for_my_birthday_how_good/,,
You got great grandparents!!! They tried their best and with prices the way they are at the moment they did incredible!,1,laptops,tech,https://www.reddit.com/r/laptops/comments/1wd1243/i_just_got_this_laptop_for_my_birthday_how_good/,,
"As has been said, it's a very nice gift (also for a decent price). This is a mostly a ""school tool"" it's missing key gaming elements, like a discrete GPU, more RAM for Windows 11, probably storage too -- games can get brutal on storage nowadays. You can try to play some games but this laptop is to do ""Word and Excel / Sheets type Office work"" think like documents for assignment or research and mostly schoolwork honestly. Enjoy streaming content and doing homework some games could work but it may stutter with 8 GB RAM and GPU.",1,laptops,tech,https://www.reddit.com/r/laptops/comments/1wd1243/i_just_got_this_laptop_for_my_birthday_how_good/,,
"You can do Microsoft word and small-medium excel documents on it. Some web browsing and other basic tasks. That 8GB of RAM is very restricting so you might struggle to run chrome, word, and background tasks like Grammarly at the same time. I wouldn’t ever let Spotify or discord be installed to that computer as it was make it run really slow with only 8GB of RAM",1,laptops,tech,https://www.reddit.com/r/laptops/comments/1wd1243/i_just_got_this_laptop_for_my_birthday_how_good/,,
"It’s decent, during the current shortages a good deal for a Laptop (the 500$ I mean, 800 would be overpriced but 500 is good)

However, (this isn’t negative for you but) usually we do not call a 1920 x 1200 display 2K.

2K is the “less recognized” name for 1440p, this display has 1200p, which is mostly used for office monitors (still, not a problem for you, just a little marketing scam. Games adjust the size with no issues and Windows gives you an extra row of desktop icons)",1,laptops,tech,https://www.reddit.com/r/laptops/comments/1wd1243/i_just_got_this_laptop_for_my_birthday_how_good/,,
"It’s an office/school work rig. Only games I’d play on it are literally arcade side scrollers. Your grandparents are of a different era. Upon purchase, I’m certain that they based thier selection off of price and what they thought you would use it for….school work",1,laptops,tech,https://www.reddit.com/r/laptops/comments/1wd1243/i_just_got_this_laptop_for_my_birthday_how_good/,,
It's a laptop,1,laptops,tech,https://www.reddit.com/r/laptops/comments/1wd1243/i_just_got_this_laptop_for_my_birthday_how_good/,,
"Ok without snarkiness, it's a modest laptop, so expect some very light gaming. It's adequate for documents, media and studying so, if that's what you aim for, you're good. Video editing and triple a gaming will be a struggle since it's not meant for that. Good part is you can upgrade ram and storage so if that fits your needs, it can have a longer life",1,laptops,tech,https://www.reddit.com/r/laptops/comments/1wd1243/i_just_got_this_laptop_for_my_birthday_how_good/,,
Time will tell,1,laptops,tech,https://www.reddit.com/r/laptops/comments/1wd1243/i_just_got_this_laptop_for_my_birthday_how_good/,,
Your not going to be playing many games on it with no GPU but should be fine for basic tasks. Depends what you want to do on it.,1,laptops,tech,https://www.reddit.com/r/laptops/comments/1wd1243/i_just_got_this_laptop_for_my_birthday_how_good/,,
Great present and pretty decent laptop but I highly recommend you try it with Linux. If you're interested in games then it will help you run games you wouldn't be able to with Windows.,1,laptops,tech,https://www.reddit.com/r/laptops/comments/1wd1243/i_just_got_this_laptop_for_my_birthday_how_good/,,
This is a very capable work and school computer. It should be a reliable laptop for a few years. It is not really geared for gaming.,1,laptops,tech,https://www.reddit.com/r/laptops/comments/1wd1243/i_just_got_this_laptop_for_my_birthday_how_good/,,
Dont return it i come the class of hard knocks where hand me downs was the onky gift we got of any at all. Show appreciation and get into ai you sound young so the nore you learn now with ai the better chances you have of creating a side business tonorrow that you cam benefit from,1,laptops,tech,https://www.reddit.com/r/laptops/comments/1wd1243/i_just_got_this_laptop_for_my_birthday_how_good/,,
solid laptop I dont think you will find a better one for $500. As far as gaming should be able to handle some light gaming I wouldnt play rivals or anything on it but cloud gaming is a thing so if you really want to you can do that through geforce now or something else. Hug your grandparents.,1,laptops,tech,https://www.reddit.com/r/laptops/comments/1wd1243/i_just_got_this_laptop_for_my_birthday_how_good/,,
its a gift you ungrateful bastard. just say thank you and enjoy,1,laptops,tech,https://www.reddit.com/r/laptops/comments/1wd1243/i_just_got_this_laptop_for_my_birthday_how_good/,,
"Ehh I wouldn’t really get IPS these days, but more importantly, 8 GB of RAM… I don’t even know if that’s usable?",1,laptops,tech,https://www.reddit.com/r/laptops/comments/1wd1243/i_just_got_this_laptop_for_my_birthday_how_good/,,
You’re gonna have trouble having multiple tabs open with 8 gigabytes of RAM probably,1,laptops,tech,https://www.reddit.com/r/laptops/comments/1wd1243/i_just_got_this_laptop_for_my_birthday_how_good/,,
"That’s not really a good laptop. Only 8GB RAM. Mediocre screen. The I5 is mediocre. Small battery. I mean it’ll do for web browsing and word, but not much else.",1,laptops,tech,https://www.reddit.com/r/laptops/comments/1wd1243/i_just_got_this_laptop_for_my_birthday_how_good/,,
It sucks cause you're questioning it.,1,laptops,tech,https://www.reddit.com/r/laptops/comments/1wd1243/i_just_got_this_laptop_for_my_birthday_how_good/,,
"its very good. core ultra processor with an amazing iGPU, the new mobile processor iGPUs are INSANE. u can easily play light titles on 120FPS, some medium level stuff at 60 fps, but obviously expect mobile chip level performance. dont worry about the ram at all, it IS less but its upgradeable. dont listen to other people telling you its an office laptop that cant run on 8gb ram or game good, it most certainly can.",1,laptops,tech,https://www.reddit.com/r/laptops/comments/1wd1243/i_just_got_this_laptop_for_my_birthday_how_good/,,
crap,0,laptops,tech,https://www.reddit.com/r/laptops/comments/1wd1243/i_just_got_this_laptop_for_my_birthday_how_good/,,
Put Linux on that bad boy and you'll be golden,-1,laptops,tech,https://www.reddit.com/r/laptops/comments/1wd1243/i_just_got_this_laptop_for_my_birthday_how_good/,,
Rule of thumb: Laptops aren't best for PC gaming. Fan is too small for long sessions of taxing games.,0,laptops,tech,https://www.reddit.com/r/laptops/comments/1wd1243/i_just_got_this_laptop_for_my_birthday_how_good/,,
Linux beast.,0,laptops,tech,https://www.reddit.com/r/laptops/comments/1wd1243/i_just_got_this_laptop_for_my_birthday_how_good/,,
RAM is a bit low for Windows/ anything.,0,laptops,tech,https://www.reddit.com/r/laptops/comments/1wd1243/i_just_got_this_laptop_for_my_birthday_how_good/,,
"8GB of RAM kills any potential this thing has to run Win11, the OS alone takes 10-12GB. You're gonna wanna install Linux or Win10 on it.
Other than that, this is fine for casual gaming (like vanilla MC or Terraria for example), but you aren't running any Triple-A games on it.",0,laptops,tech,https://www.reddit.com/r/laptops/comments/1wd1243/i_just_got_this_laptop_for_my_birthday_how_good/,,
technical? trash. purely office work.,0,laptops,tech,https://www.reddit.com/r/laptops/comments/1wd1243/i_just_got_this_laptop_for_my_birthday_how_good/,,
Y'all stressin out cuz of the ram? My laptop got 8gb ddr4 and works fine. Just don't use windows 11,0,laptops,tech,https://www.reddit.com/r/laptops/comments/1wd1243/i_just_got_this_laptop_for_my_birthday_how_good/,,
"Spec wise, hot garbage, especially for the price they paid (buying a HP is the first mistake)

But for a free laptop, I wouldn't be complaining too much, just throw in another 8GB RAM stick, downgrade it to Windows 10 (you'll want to do a fresh OS install anyway to get rid of the HP crapware they pre-install) install throttlestop, and it should be ok for 2000s gaming, and non-AI workloads

You won't be playing anything modern on it (even at potato settings) but you'll reliably run most games (including AAA) from the late 2000s to early 2010s, and non-gaming tasks will run fine on it

You can also get an external GPU adapter that will allow you to play modern AAA games on it by plugging a desktop GPU into it (usually mini PCIE, or thunderbolt)",0,laptops,tech,https://www.reddit.com/r/laptops/comments/1wd1243/i_just_got_this_laptop_for_my_birthday_how_good/,,
"It looks like a cheap HP, so ""not very""",0,laptops,tech,https://www.reddit.com/r/laptops/comments/1wd1243/i_just_got_this_laptop_for_my_birthday_how_good/,,
It's the thought that counts.,0,laptops,tech,https://www.reddit.com/r/laptops/comments/1wd1243/i_just_got_this_laptop_for_my_birthday_how_good/,,
Your ram is not gonna be a thing cause touchscreen eats 5gbs it's self then 2 to your os now you only got 1 to do anything with so shit,0,laptops,tech,https://www.reddit.com/r/laptops/comments/1wd1243/i_just_got_this_laptop_for_my_birthday_how_good/,,
Rien compris. L'écran tactile consomme de la RAM ???,1,laptops,tech,https://www.reddit.com/r/laptops/comments/1wd1243/i_just_got_this_laptop_for_my_birthday_how_good/,,
"Okay, so based on your PC or your laptop that you have, you can upgrade the Ram to 16 gig. That's the maximum that the main board in that laptop can handle. I would go to your nearest Walmart and get the p. NY1 terabyte, upgrade kit for the SSSD or find an SSSD online like the Western Digital blue series. That is\n 1 TB, and the same physical size as the one that's inside your laptop and get a USB 3.02 N VME adapter. This way, you can hook up the new 1 TB, or larger capacity SSD to the outside of the laptop and get the AO. MEI partition manager to be able to clone, and then you're also going to need the a chronus true image software, because you're going to clone your current. SSSD with your O. S and everything and you're going to do that in steps or stages. Because when you run that cloning software, you're going to see, not just one partition, you're going to see 3 of them, potentially for most commonly, as 41 is not an actual partition, it's reserve space for in case a part of the drive fails, so you're going to first clone the Boot partition, it stays the same. If you have 4 partitions, the next partition is your maintenance partition. You're going to double that one's size after it's cloned over, then you're going to clone your sea partition. This is your main o. Partition that you see from inside windows. Then you're going to clone the recovery partition. After you do this, you're going to use the AO. MEI partition, manager and move that to the tell end of the drive, and then you're going to increase its size by 10%. Then you're going to once those and you're going to allow each task to complete before you do the next one, your last task is to increase the size of your sea partition to fill the remainder of the drive, when this is done, you will then open the bottom of your laptop. Upgrade your Ram to 16 gig and then swap out the 2S. S, d's, you will have to boot into maintenance mode so before you swap these out or before you do any of the cloning or anything you're going to want to create a um download install thing from windows. Onto a USB flash drive, this is going to help you in the future. No matter what, so 8 gig to 16 gig flash drive is about all you need for that. Make sure to label it with windows, install and be able to keep it protected. So you don't accidentally erase it for in case you need to do maintenance on your computer later then once you're done with all the cloning and hardware shopping, you will then plug this flash drive into the side of your computer and once you get into the maintenance thing you're going to go advanced. And then command prompt, and then you're going to tell it to fix MB R And this way it will boot on your new larger capacity SSD once you do this, you are done with upgrades, that's pretty much all you can do for that laptop, you will be able to run games, but they will be laggy, and they will Make me unit, get very hot very quickly. It will stress that unit to its maximum other than that. It's great for streaming stuff like Netflix. Hulu and other platforms like that, it's great for office. It's great for school. It's great for social media. But that's pretty much it",0,laptops,tech,https://www.reddit.com/r/laptops/comments/1wd1243/i_just_got_this_laptop_for_my_birthday_how_good/,,
"So wrong on so many points.  There's plenty someone can do with that laptop.  I'm not gonna get into tech tips or hacks, I just want to say thatni have been (and currently am) playing many games on my setups, basically same thing but one with 4 gb ram and one with 16 gb (both can play games, just from different genres or year).

I'm not trying to be too critical, but maybe you're just not accustomed to really trying to squeeze the best out of what you're used to, but the ceiling is a bit higher than you think.

I still wish that I had the space and money to get a proper gaming pc again, but I've learned to do with what I have.

Oh, and OP, I just want to say that as a parent to a young child and having watched what the grandparents give as presents (when we're not holding their hand as they buy it)...be thankful and happy.  They seem like they care and are trying their best.  Make the most of their gift for now, you'll find glittering upgrades all your life, but caring grandparents (for all their picky faults) are worth way more.",2,laptops,tech,https://www.reddit.com/r/laptops/comments/1wd1243/i_just_got_this_laptop_for_my_birthday_how_good/,,
it's slower then NASA's computer to go to the moon,0,laptops,tech,https://www.reddit.com/r/laptops/comments/1wd1243/i_just_got_this_laptop_for_my_birthday_how_good/,,
"For that price you can get a much much much better laptop that is refurbished or used. Here is an example for a refurbished one with good specs.

https://a.co/d/09X6Nobz",-1,laptops,tech,https://www.reddit.com/r/laptops/comments/1wd1243/i_just_got_this_laptop_for_my_birthday_how_good/,,
The uncomfortable part is that most games will prob. Not run on this laptop better trade it for something with a dedicated gpu even if it’s just a 1660 or something,-1,laptops,tech,https://www.reddit.com/r/laptops/comments/1wd1243/i_just_got_this_laptop_for_my_birthday_how_good/,,
Dirty nails.,-2,laptops,tech,https://www.reddit.com/r/laptops/comments/1wd1243/i_just_got_this_laptop_for_my_birthday_how_good/,,
"You guys have white dirt? My nails usually get black when dirty... Hell, they're dirtier rn as I'm typing this... 😅",1,laptops,tech,https://www.reddit.com/r/laptops/comments/1wd1243/i_just_got_this_laptop_for_my_birthday_how_good/,,
"If you bought a 2080Ti this year, F for you.

Can't wait to upgrade my STRIX 1080 to a STRIX 3070",1567,buildapc,tech,https://www.reddit.com/r/buildapc/comments/iko4gj/rtx_3000_series_announcement_megathread/,,
"Same, except I'm eyeing up a 3080.",459,buildapc,tech,https://www.reddit.com/r/buildapc/comments/iko4gj/rtx_3000_series_announcement_megathread/,,
4K gaming is likely going to be achievable!,270,buildapc,tech,https://www.reddit.com/r/buildapc/comments/iko4gj/rtx_3000_series_announcement_megathread/,,
It already is for a lot of games on Ultra; but I think this is when it starts becoming close to pushing framerates over 60 consistently. 4K 144Hz next gen after 3000? Probably.,244,buildapc,tech,https://www.reddit.com/r/buildapc/comments/iko4gj/rtx_3000_series_announcement_megathread/,,
"Will be this gen, albeit with DLSS",126,buildapc,tech,https://www.reddit.com/r/buildapc/comments/iko4gj/rtx_3000_series_announcement_megathread/,,
"Already reaching 80-90fps at 4k ultra in some of my games on a 1080ti, and I mean UE4 shooters with 100 player servers, so I expect the 3080 to hit 144hz 4k in these titles, which is what I will be buying it for.",31,buildapc,tech,https://www.reddit.com/r/buildapc/comments/iko4gj/rtx_3000_series_announcement_megathread/,,
And even better VR.,5,buildapc,tech,https://www.reddit.com/r/buildapc/comments/iko4gj/rtx_3000_series_announcement_megathread/,,
Maybe we'll finally be able to use the Index at 100% scaling.,3,buildapc,tech,https://www.reddit.com/r/buildapc/comments/iko4gj/rtx_3000_series_announcement_megathread/,,
"I hope so. It seems like some games eclipse top of the line cards every year for 4k60, but it would be nice to have a consistent framerate in graphically intensive games for once. That 3090 would be nice, but it's insanely expensive.",2,buildapc,tech,https://www.reddit.com/r/buildapc/comments/iko4gj/rtx_3000_series_announcement_megathread/,,
U could get by on a 3070 I presume but with a 3080 u could crank up the settings in almost all games and potentially be a better buy for 4K 120Hz,1,buildapc,tech,https://www.reddit.com/r/buildapc/comments/iko4gj/rtx_3000_series_announcement_megathread/,,
I'm in it for the 1440p 144Hz.,1,buildapc,tech,https://www.reddit.com/r/buildapc/comments/iko4gj/rtx_3000_series_announcement_megathread/,,
"Nah. Just get me that 200fps 1440p.

My body is ready.",1,buildapc,tech,https://www.reddit.com/r/buildapc/comments/iko4gj/rtx_3000_series_announcement_megathread/,,
Yea finally something compelling to upgrade my 1080Ti for.,164,buildapc,tech,https://www.reddit.com/r/buildapc/comments/iko4gj/rtx_3000_series_announcement_megathread/,,
"Anyone have experience with previous graphics card launches? I'd love to get one of these when they come out, but I have no idea what to expect along the lines of availability, preordering (is it a '5 seconds after opening up they're sold out' kinda thing?), or how the third parties usually handle releasing theirs.",1099,buildapc,tech,https://www.reddit.com/r/buildapc/comments/iko4gj/rtx_3000_series_announcement_megathread/,,
"They do sell out fast, but Nvidia launches are pretty good with restocking. I've set alerts with NowInStock and on Nvidia's website and usually manage to get one soon enough. Nvidia's site tends to be the most accurate for stocking, I've bought off Newegg before when they've claimed ""in stock"" but the product was actually backordered a month.",524,buildapc,tech,https://www.reddit.com/r/buildapc/comments/iko4gj/rtx_3000_series_announcement_megathread/,,
"I found this where you can be notified of when they are available. This is for the 3090 but you can find your way from here to the others.

https://www.nvidia.com/en-us/geforce/graphics-cards/30-series/rtx-3090/",292,buildapc,tech,https://www.reddit.com/r/buildapc/comments/iko4gj/rtx_3000_series_announcement_megathread/,,
"When Nvidia gives a release date for these cards, they are specifically talking about their reference cards. Reference cards are the base line cards direct from Nvidia. They are totally functional, but they won't have some of the additional features you expect to see from the 3rd party manufacturers. IIRC, the past two generations saw these cards sold out very quickly and they remained difficult to get for months. I think part of this was due to consumer demand, but also partially due to crypto miners eating up all the old 1070/1080/1080tis forcing those who needed to upgrade into buying new instead of used. Not 100% on that but it seems somewhat related, especially with how much the prices have gone up over the last few generations.

It's hard to predict what will happen this time. On the one hand, COVID+no additional unemployment benefits means consumer spending is slowing down, so one might predict that luxury item spending may be reduced on things like high end graphics cards. And I have no idea if COVID affects production on these products, but I know it for sure slowed down Valve's delivery of their Indexes so that may be a factor, also.

On the other hand, the type of people still planning to buy a high end graphics card on launch day are probably less likely to be affected by the pandemic money squeeze. Plus, these cards are at least promised (wait for benchmarks) to be a big improvement from the 20xx line, which was a pretty disappointing ""improvement"" from the 10xx line. Those with ultrawide monitors and/or VR headsets still sitting on their 1080tis have been waiting for cards promised to be this powerful to finally push their hardware to the max, so if there's enough folks like that, there very well may be similar demand that we've seen historically.

Generally, a few weeks after the reference cards launch, you will start to see cards by the 3rd party manufacturers. These would be the cards from EVGA, Asus, etc. These cards are often going to have additional features from Nvidia's reference cards. This could be different cooling solutions from the reference cards (additional fans, water cooling, etc) and/or pre-overclocking. Some folks are brand loyal or prefer the extra features and so they wait for 3rd party. Other people don't care or don't want to wait and they go for the reference cards. All up to personal preference at that point.",235,buildapc,tech,https://www.reddit.com/r/buildapc/comments/iko4gj/rtx_3000_series_announcement_megathread/,,
"This is why we shouldn't place much stock in the rumour mill, thankfully those prices were miles off.

I can't wait to see some independent benchmarks and decide between the 3070 and 3080.",847,buildapc,tech,https://www.reddit.com/r/buildapc/comments/iko4gj/rtx_3000_series_announcement_megathread/,,
"The one's of $2000 for the 3090? That still might be right for partner cards. The rumors of $1400 for the 3090 was a bit low, as it turned out.",320,buildapc,tech,https://www.reddit.com/r/buildapc/comments/iko4gj/rtx_3000_series_announcement_megathread/,,
"Prices for 3090, 3080, 3070 and release date

Slides for the 3090, 3080, and 3070 : https://imgur.com/a/tWB2JqK

3090- $1500 - September 24

3080- $700 - September 17

3070- $500 - October

RIP 3060 :( (Hope it comes out soon!)

Mr.Huang said these are the ""first 3 members"" of ampere, so the other members are yet to come out!

Edit: Thanks for the award!

Edit: Thanks everyone for all the cool awards!",701,buildapc,tech,https://www.reddit.com/r/buildapc/comments/iko4gj/rtx_3000_series_announcement_megathread/,,
"3070 better than 2080 Ti for $500? Holy shit that's nuts.

Time to see what AMD's Big Navi can bring and then upgrade from my R9 390. It's-happening.jpg",698,buildapc,tech,https://www.reddit.com/r/buildapc/comments/iko4gj/rtx_3000_series_announcement_megathread/,,
Still can't believe the 3070 performs similar to 2080ti at $499 it's insane!,581,buildapc,tech,https://www.reddit.com/r/buildapc/comments/iko4gj/rtx_3000_series_announcement_megathread/,,
I just bought a 2070s for $499 rip,290,buildapc,tech,https://www.reddit.com/r/buildapc/comments/iko4gj/rtx_3000_series_announcement_megathread/,,
Guess its finally time to upgrade this 980ti,579,buildapc,tech,https://www.reddit.com/r/buildapc/comments/iko4gj/rtx_3000_series_announcement_megathread/,,
My poor 970 agrees.,320,buildapc,tech,https://www.reddit.com/r/buildapc/comments/iko4gj/rtx_3000_series_announcement_megathread/,,
"970 crew represent, looks like this is the generation we were holding out for.",236,buildapc,tech,https://www.reddit.com/r/buildapc/comments/iko4gj/rtx_3000_series_announcement_megathread/,,
"Fuck. FUCK FUCK FUCK.

- Guy who bought a 2080ti 3 months ago.",257,buildapc,tech,https://www.reddit.com/r/buildapc/comments/iko4gj/rtx_3000_series_announcement_megathread/,,
"I had just bought a 2070 super for 450 pounds. Absolutely kicking myself now. Is it worth returning it and waiting for the 3070?

Edit: Thanks for the advice everyone.",216,buildapc,tech,https://www.reddit.com/r/buildapc/comments/iko4gj/rtx_3000_series_announcement_megathread/,,
"With all the rumours on the pricing & specs, if these claims hold true with 3rd party testing, I'm very plesantly surprised of these cards. The 3080 & 3070 are about the same pricing as the 2080 & 2070 with 2x the performance. I've got a 2070Super I got at launch, and was not thinking of upgrading now but this is too tempting to resist.

Think my girlfriend just got herself a 2070S, as I'm jumping on a 3080 on release!",143,buildapc,tech,https://www.reddit.com/r/buildapc/comments/iko4gj/rtx_3000_series_announcement_megathread/,,
Has anyone used the EVGA step up program for a release like this? How long did it take for 3rd parties to release their cards?,133,buildapc,tech,https://www.reddit.com/r/buildapc/comments/iko4gj/rtx_3000_series_announcement_megathread/,,
Digital Foundry's tested the RTX 3080 already https://www.eurogamer.net/articles/digitalfoundry-2020-hands-on-with-nvidia-rtx-3080,89,buildapc,tech,https://www.reddit.com/r/buildapc/comments/iko4gj/rtx_3000_series_announcement_megathread/,,
"I'm very suspicious that nVidia only allowed those ""comparative percentage"" numbers and no hard data like framerates or frame times or power consumption",49,buildapc,tech,https://www.reddit.com/r/buildapc/comments/iko4gj/rtx_3000_series_announcement_megathread/,,
"Can't wait to pick up a 3090, just need to decide which CPU to pair it with. Hoping to get some news on Ryzen 4000 before I'm able to order......CPU/Mobo is the last decision I need to make for my new build.",71,buildapc,tech,https://www.reddit.com/r/buildapc/comments/iko4gj/rtx_3000_series_announcement_megathread/,,
"Am I reading this right? The 3090 has over 10,000 shaders?

The 3080 has over 8,000?

That's insane",70,buildapc,tech,https://www.reddit.com/r/buildapc/comments/iko4gj/rtx_3000_series_announcement_megathread/,,
"IDGAF about the cards that have been revealed today, but their pricing is encouraging me about the 3060 - the confirmed prices are all below the leaked prices (Jen-Sun probably made them up back-stage again), so the 3060 I actually want might not come in at the exorbitant $400 rumoured price...",63,buildapc,tech,https://www.reddit.com/r/buildapc/comments/iko4gj/rtx_3000_series_announcement_megathread/,,
I’m running an i7 4790k and thinking about upgrading to a 3070 or maybe even a 3080. Would I be bottlenecked by my CPU?,50,buildapc,tech,https://www.reddit.com/r/buildapc/comments/iko4gj/rtx_3000_series_announcement_megathread/,,
Probably be bottlenecked by DDR3 as well.,93,buildapc,tech,https://www.reddit.com/r/buildapc/comments/iko4gj/rtx_3000_series_announcement_megathread/,,
Will there be a pre-order for the 3080 on amazon for example? Or will it just release on the 17th?,48,buildapc,tech,https://www.reddit.com/r/buildapc/comments/iko4gj/rtx_3000_series_announcement_megathread/,,
Worth upgrading from a 1070ti for Cold War and Cyberpunk ?,43,buildapc,tech,https://www.reddit.com/r/buildapc/comments/iko4gj/rtx_3000_series_announcement_megathread/,,
"Definitely,

I'm upgrading from 1080 to 3080 for cyberpunk

Even 3070 is good too because it's better than 2080ti for more than half the price",54,buildapc,tech,https://www.reddit.com/r/buildapc/comments/iko4gj/rtx_3000_series_announcement_megathread/,,
